concept,type,link,meta_primary_text,meta_headline,meta_description,pinterest_title,pinterest_description,files
checkerboard-nero-calacatta,product,/products/checkers-with-nero-marquina-calacatta-gold-24x24-honed-tile,"Black Nero Marquina and gold-veined Calacatta, laid as a checkerboard. It's real marble, so the veining changes from square to square. Order a 4-inch sample before you commit.",Marble Checkerboard Floor Tile,4-inch samples available,Nero Marquina & Calacatta Gold Marble Checkerboard Floor Tile,"A black-and-white checkerboard in natural marble: Nero Marquina and Calacatta Gold with a matte finish. Every piece is quarried, so the veining shifts from square to square. 4-inch samples available. Ships across the continental US.",checkerboard-nero-calacatta/checkerboard-nero-calacatta-meta-1x1.jpg;checkerboard-nero-calacatta/checkerboard-nero-calacatta-meta-4x5.jpg;checkerboard-nero-calacatta/checkerboard-nero-calacatta-meta-9x16.jpg;checkerboard-nero-calacatta/checkerboard-nero-calacatta-pinterest-2x3.jpg
chevron-thassos-black,product,/products/thassos-white-greek-marble-mosaic-3-8-chevron-large-thassos-black-thin-strips-mosaic,"Bright Thassos marble cut into a large chevron, edged with thin black strips. A graphic backsplash or shower wall in real stone. Order a sample first.",Thassos Marble Chevron Mosaic,4-inch samples available,Thassos White Marble Chevron Mosaic with Black Strips,"Polished Thassos white marble in a large chevron, outlined with thin black strips: a graphic backsplash or shower wall in natural stone. 4-inch samples available. Ships across the continental US.",chevron-thassos-black/chevron-thassos-black-meta-1x1.jpg;chevron-thassos-black/chevron-thassos-black-meta-4x5.jpg;chevron-thassos-black/chevron-thassos-black-meta-9x16.jpg;chevron-thassos-black/chevron-thassos-black-pinterest-2x3.jpg
hexagon-thassos,product,/products/thassos-hexagon-12x13-mosaic-tile,"White Thassos marble hexagons, broken up by gold triangle accents. A backsplash or powder room wall in real stone. Order a 4-inch sample.",Thassos Hexagon Mosaic,4-inch samples available,Thassos White Marble Hexagon Mosaic Tile,"White Thassos marble hexagons with gold triangle accents, mesh-mounted. A natural stone mosaic for backsplashes, bathrooms and powder rooms. 4-inch samples available. Ships across the continental US.",hexagon-thassos/hexagon-thassos-meta-1x1.jpg;hexagon-thassos/hexagon-thassos-meta-4x5.jpg;hexagon-thassos/hexagon-thassos-meta-9x16.jpg;hexagon-thassos/hexagon-thassos-pinterest-2x3.jpg
arabesque-calacatta,product,/products/alice-precious-calacatta-11-5-x-12-waterjet-mosaic,"Calacatta marble, waterjet-cut into soft arabesque shapes. Every sheet carries different veining, because every block of stone does. Order a sample first.",Calacatta Arabesque Mosaic,4-inch samples available,Calacatta Marble Arabesque Waterjet Mosaic Tile,"Calacatta marble waterjet-cut into an arabesque pattern for backsplashes and bathroom walls. Natural stone, so veining varies from sheet to sheet. 4-inch samples available. Ships across the continental US.",arabesque-calacatta/arabesque-calacatta-meta-1x1.jpg;arabesque-calacatta/arabesque-calacatta-meta-4x5.jpg;arabesque-calacatta/arabesque-calacatta-meta-9x16.jpg;arabesque-calacatta/arabesque-calacatta-pinterest-2x3.jpg
patterned-giallo,product,/products/elara-with-carrara-white-and-giallo-reale-marble,"Grey-veined Carrara and golden Giallo Reale, cut into triangles and set as one tile. A pattern you can only get from real marble.",Carrara & Giallo Reale Marble,4-inch samples available,"Carrara & Giallo Reale Patterned Marble Tile, Triangles",Carrara white and Giallo Reale marble cut into a triangle pattern with a matte finish. A statement floor or wall in natural stone. 4-inch samples available. Ships across the continental US.,patterned-giallo/patterned-giallo-meta-1x1.jpg;patterned-giallo/patterned-giallo-meta-4x5.jpg;patterned-giallo/patterned-giallo-meta-9x16.jpg;patterned-giallo/patterned-giallo-pinterest-2x3.jpg
patterned-rojo,product,/products/verona-with-carrara-and-rojo-alicante-patterned-marble,"Carrara white framed in Rojo Alicante, a warm red marble from Spain. A matte patterned tile for a floor people will ask about.",Carrara & Rojo Alicante Marble,4-inch samples available,Carrara & Rojo Alicante Patterned Marble Floor Tile,"Carrara white and red Rojo Alicante marble in a geometric pattern, matte finish. Natural stone for floors and feature walls. 4-inch samples available. Ships across the continental US.",patterned-rojo/patterned-rojo-meta-1x1.jpg;patterned-rojo/patterned-rojo-meta-4x5.jpg;patterned-rojo/patterned-rojo-meta-9x16.jpg;patterned-rojo/patterned-rojo-pinterest-2x3.jpg
versailles-antico-onyx,product,/products/antico-ony-travertine-tile-versailles-pattern-antiqued-hand-tumbled-french-pattern,"The French pattern, in hand-tumbled Antico Onyx travertine. Several sizes in one repeating module, with the worn edges of an old courtyard from day one.",Versailles Pattern Travertine,4-inch samples available,"Antico Onyx Travertine Versailles Pattern Tile, Hand Tumbled","Hand-tumbled Antico Onyx travertine in the Versailles (French) pattern, sold as a repeating multi-size module. Antiqued edges for kitchens, patios and entryways. 4-inch samples available. Ships across the continental US.",versailles-antico-onyx/versailles-antico-onyx-meta-1x1.jpg;versailles-antico-onyx/versailles-antico-onyx-meta-4x5.jpg;versailles-antico-onyx/versailles-antico-onyx-meta-9x16.jpg;versailles-antico-onyx/versailles-antico-onyx-pinterest-2x3.jpg
rojo-alicante,product,/products/rojo-alicante-marble-12x12-wall-floor-tile,"Rojo Alicante: a red Spanish marble shot through with white veins, polished to a shine. For the bathroom that shouldn't look like everyone else's.",Rojo Alicante Marble Tile,4-inch samples available,"Rojo Alicante Red Marble Tile, Polished, 12 x 12","Rojo Alicante, a red Spanish marble with white veining, polished, 12"" x 12"". Natural stone for bathroom floors, walls and fireplace surrounds. 4-inch samples available. Ships across the continental US.",rojo-alicante/rojo-alicante-meta-1x1.jpg;rojo-alicante/rojo-alicante-meta-4x5.jpg;rojo-alicante/rojo-alicante-meta-9x16.jpg;rojo-alicante/rojo-alicante-pinterest-2x3.jpg
collection-checkerboard,collection,/collections/checkerboard-floors,"Black and white, cream and grey, gold-veined and plain: two-tone checkerboard floors cut from real marble and travertine. Order 4-inch samples and see the pair in your own light.",Marble Checkerboard Floors,4-inch samples available,"Marble Checkerboard Floor Tile: Black & White, Cream & Grey","Two-tone checkerboard floors in natural marble and travertine: Nero Marquina, Calacatta Gold, Thassos, Crema Marfil, Bardiglio and more, polished or matte. 4-inch samples available. Ships across the continental US.",collection-checkerboard/collection-checkerboard-meta-1x1.jpg;collection-checkerboard/collection-checkerboard-meta-4x5.jpg;collection-checkerboard/collection-checkerboard-meta-9x16.jpg;collection-checkerboard/collection-checkerboard-pinterest-2x3.jpg
collection-herringbone,collection,/collections/herringbone-chevron,"Herringbone and chevron mosaics in marble and travertine, mesh-mounted for backsplashes, shower walls and floors. Order a sample of the one you're circling.",Herringbone & Chevron Mosaics,4-inch samples available,Marble Herringbone & Chevron Mosaic Tile for Backsplashes and Showers,"Herringbone and chevron mosaics in natural marble and travertine: Calacatta, Thassos, Crema Marfil, blue marble and more. For backsplashes, shower walls and floors. 4-inch samples available. Ships across the continental US.",collection-herringbone/collection-herringbone-meta-1x1.jpg;collection-herringbone/collection-herringbone-meta-4x5.jpg;collection-herringbone/collection-herringbone-meta-9x16.jpg;collection-herringbone/collection-herringbone-pinterest-2x3.jpg
collection-patterned-marble,collection,/collections/patterned-marble,"Carrara paired with Nero Marquina, Giallo Reale, Rojo Alicante or Verde Alpi, cut into geometric tiles. Floors with the colour built into the stone.",Patterned Marble Tile,4-inch samples available,Patterned Marble Floor Tile: Geometric Designs in Natural Stone,"Geometric patterned marble tiles that pair Carrara white with Nero Marquina, Giallo Reale, Rojo Alicante or Verde Alpi, matte finish. Statement floors and feature walls in natural stone. 4-inch samples available. Ships across the continental US.",collection-patterned-marble/collection-patterned-marble-meta-1x1.jpg;collection-patterned-marble/collection-patterned-marble-meta-4x5.jpg;collection-patterned-marble/collection-patterned-marble-meta-9x16.jpg;collection-patterned-marble/collection-patterned-marble-pinterest-2x3.jpg
collection-versailles,collection,/collections/versailles-pattern,"The Versailles pattern in travertine and marble: several sizes in one repeating module, tumbled or brushed and chiseled. For kitchens, entryways and patios.",Versailles Pattern Travertine,4-inch samples available,"Versailles Pattern Stone Tile for Kitchens, Entryways and Patios","French-pattern travertine and marble sold as a repeating multi-size module: tumbled, brushed and chiseled, full size and mini mosaic. Natural stone for kitchens, entryways and patios. 4-inch samples available. Ships across the continental US.",collection-versailles/collection-versailles-meta-1x1.jpg;collection-versailles/collection-versailles-meta-4x5.jpg;collection-versailles/collection-versailles-meta-9x16.jpg;collection-versailles/collection-versailles-pinterest-2x3.jpg
samples,samples,/collections/all,"Stone looks different at noon and at dusk, next to your cabinets and under your lights. Order 4-inch samples of the ones you like and decide at home.",Order Natural Stone Samples,"Marble, travertine, limestone","Order Natural Stone Tile Samples: Marble, Travertine, Limestone","See marble, travertine, limestone and slate in your own light before you commit to a floor or wall. 4-inch samples available. Ships across the continental US.",samples/samples-meta-1x1.jpg;samples/samples-meta-4x5.jpg;samples/samples-meta-9x16.jpg;samples/samples-pinterest-2x3.jpg
brand-quarried,brand,/,"Marble-look porcelain is a photograph printed onto a tile. Our tiles are the stone itself: quarried, cut and finished, with veining no two pieces share. Order 4-inch samples.",Natural Stone Tile,4-inch samples available,"Natural Stone Tile: Real Marble, Travertine, Limestone & Slate","Tile cut from real stone, not printed porcelain: marble, travertine, limestone and slate for floors, walls, backsplashes and showers. 4-inch samples available. Ships across the continental US.",brand-quarried/brand-quarried-meta-1x1.jpg;brand-quarried/brand-quarried-meta-4x5.jpg;brand-quarried/brand-quarried-meta-9x16.jpg;brand-quarried/brand-quarried-pinterest-2x3.jpg
brand-no-two-alike,brand,/,"Every block comes out of the quarry differently, so shade and veining shift from piece to piece. That variation is the material itself. Order a sample and see yours.",Natural Stone Tile,4-inch samples available,Natural Stone Tile Where No Two Pieces Are Alike,"Marble, travertine and limestone tile in which shade and veining shift from piece to piece, because every block comes out of the quarry differently. 4-inch samples available. Ships across the continental US.",brand-no-two-alike/brand-no-two-alike-meta-1x1.jpg;brand-no-two-alike/brand-no-two-alike-meta-4x5.jpg;brand-no-two-alike/brand-no-two-alike-meta-9x16.jpg;brand-no-two-alike/brand-no-two-alike-pinterest-2x3.jpg
