Handle,Command,Image Command,Image Src,Image Position,Image Alt Text
bardiglio-imperiale-box-liner-trim-tile-3-4x12,UPDATE,REPLACE,https://raw.githubusercontent.com/aoh13/henry-harlow-images/main/images/bardiglio-imperiale-box-liner-trim-tile-3-4x12-v2.jpg,1,"Bardiglio Imperiale Box Liner Trim 3/4"" x 12"" — Polished — Marble from Henry Harlow"
pietra-grey-marble-pencil-liner-trim-tile,UPDATE,REPLACE,https://raw.githubusercontent.com/aoh13/henry-harlow-images/main/images/pietra-grey-marble-pencil-liner-trim-tile-v2.jpg,1,"Pietra Grey Marble Matte Pencil Liner Trim 1/2"" x 12"" — Marble from Henry Harlow"
oriental-white-box-liner-trim-tile-3-4x12,UPDATE,REPLACE,https://raw.githubusercontent.com/aoh13/henry-harlow-images/main/images/oriental-white-box-liner-trim-tile-3-4x12-v2.jpg,1,"Oriental White Box Liner Trim 3/4"" x 12"" — Polished — Marble from Henry Harlow"
thassos-white-box-liner-trim-tile-3-4x12,UPDATE,REPLACE,https://raw.githubusercontent.com/aoh13/henry-harlow-images/main/images/thassos-white-box-liner-trim-tile-3-4x12-v2.jpg,1,"Thassos White Box Liner Trim 3/4"" x 12"" — Polished — Marble from Henry Harlow"
bianco-carrara-box-liner-trim-tile-3-4x12,UPDATE,REPLACE,https://raw.githubusercontent.com/aoh13/henry-harlow-images/main/images/bianco-carrara-box-liner-trim-tile-3-4x12-v2.jpg,1,"Bianco Carrara Box Liner Trim 3/4"" x 12"" — Polished — Marble from Henry Harlow"
crema-marfil-box-liner-trim-tile-3-4x12,UPDATE,REPLACE,https://raw.githubusercontent.com/aoh13/henry-harlow-images/main/images/crema-marfil-box-liner-trim-tile-3-4x12-v2.jpg,1,"Crema Marfil Box Liner Trim 3/4"" x 12"" — Polished — Marble from Henry Harlow"
emperador-light-tumbled-coasters-4x4,UPDATE,REPLACE,https://raw.githubusercontent.com/aoh13/henry-harlow-images/main/images/emperador-light-tumbled-coasters-4x4-v2.jpg,1,"Emperador Light Tumbled Coasters - 4 Pieces 4"" x 4"" Tile — Marble from Henry Harlow"
sicily-brown-matte-marble-coasters-4x4,UPDATE,REPLACE,https://raw.githubusercontent.com/aoh13/henry-harlow-images/main/images/sicily-brown-matte-marble-coasters-4x4-v2.jpg,1,"Sicily Brown Matte Marble Coasters - 4 Pieces 4"" x 4"" Tile — Marble from Henry Harlow"
sandy-creek-limestone-coasters-4x4,UPDATE,REPLACE,https://raw.githubusercontent.com/aoh13/henry-harlow-images/main/images/sandy-creek-limestone-coasters-4x4-v2.jpg,1,"Sandy Creek Limestone Coasters - 4 Pieces 4"" x 4"" Tile — Limestone from Henry Harlow"
