Handle,Command,Status,Published,Published Scope
calgldbor1401,UPDATE,active,TRUE,web
calacatta-gold-large-basketweave-mosaic-with-ming-green-dots-matte,UPDATE,active,TRUE,web
calgldbor1403,UPDATE,active,TRUE,web
calgldmol1509,UPDATE,active,TRUE,web
calgldmol1505,UPDATE,active,TRUE,web
thaswhtbor1421,UPDATE,active,TRUE,web
calacatta-viola-marble-18x36-inch-polished-wall-floor-tile,UPDATE,active,TRUE,web
calgldmol1503,UPDATE,active,TRUE,web
calgldmol1501,UPDATE,active,TRUE,web
thaswhtbor1427,UPDATE,active,TRUE,web
calgldmos1319,UPDATE,active,TRUE,web
thaswhtbor1425,UPDATE,active,TRUE,web
thaswhtbor1423,UPDATE,active,TRUE,web
calgldmos1369,UPDATE,active,TRUE,web
nero-marquina-marble-16x24-leathered-tile,UPDATE,active,TRUE,web
checkers-with-thassos-white-calacatta-gold-24x24-polished-tile,UPDATE,active,TRUE,web
celeste-honed-marble-blend-mosaic-tile-in-cinder-grey-calacatta-losanna,UPDATE,active,TRUE,web
checkerboard-bianco-dolomite-calacatta-gold-24x24-polished-tile,UPDATE,active,TRUE,web
calgldmos1357,UPDATE,active,TRUE,web
calgldmos1367,UPDATE,active,TRUE,web
thaswhtbor1443,UPDATE,active,TRUE,web
calgldswtplt2047,UPDATE,active,TRUE,web
polar-white-marble-2x12-chair-rail-trim-tile,UPDATE,active,TRUE,web
calgldmos1335,UPDATE,active,TRUE,web
thaswhtbor1445,UPDATE,active,TRUE,web
thaswhtbor1447,UPDATE,active,TRUE,web
thassos-white-hexagon-combination-w-black-mosaic-tile-5x5,UPDATE,active,TRUE,web
checkers-with-thassos-white-calacatta-gold-18x18-polished-tile,UPDATE,active,TRUE,web
polar-white-marble-2x12-pencil-liner-trim-tile,UPDATE,active,TRUE,web
thaswhtbor1429,UPDATE,active,TRUE,web
thaswhtbor1435,UPDATE,active,TRUE,web
chevron-carrara-thassos-marble-polished-floor-wall-mosaic,UPDATE,active,TRUE,web
thaswhtmol1509,UPDATE,active,TRUE,web
thaswhtbor1452,UPDATE,active,TRUE,web
thaswhtmol1511,UPDATE,active,TRUE,web
thaswhtmol1507,UPDATE,active,TRUE,web
checkers-with-nero-marquina-calacatta-gold-24x24-polished-tile,UPDATE,active,TRUE,web
thaswhtmol1505,UPDATE,active,TRUE,web
checkerboard-thassos-white-calacatta-gold-24x24-honed-tile,UPDATE,active,TRUE,web
celeste-honed-marble-blend-mosaic-tile-in-nero-marquina-calacatta-losanna,UPDATE,active,TRUE,web
thassos-white-greek-marble-border-3-1-2-x-7-3-8-greek-key-border-w-ming-green,UPDATE,active,TRUE,web
checkerboard-bianco-dolomite-calacatta-gold-18x18-polished-tile,UPDATE,active,TRUE,web
checkerboard-bianco-dolomite-calacatta-gold-24x24-honed-tile,UPDATE,active,TRUE,web
thassos-white-box-liner-trim-tile-3-4x12,UPDATE,active,TRUE,web
calgldmos1331,UPDATE,active,TRUE,web
thassos-white-greek-marble-border-3-1-2-x-7-3-8-greek-key-border-w-blue-gray,UPDATE,active,TRUE,web
calgldmos1347,UPDATE,active,TRUE,web
thassos-white-bullnose-liner-trim-tile,UPDATE,active,TRUE,web
thaswhtmol1501,UPDATE,active,TRUE,web
checkers-with-thassos-white-calacatta-gold-18x18-honed-tile,UPDATE,active,TRUE,web
thassos-white-hexagon-combination-w-ming-green-mosaic-tile-5x5,UPDATE,active,TRUE,web
thassos-white-polished-hexagon-combination-w-blue-gray-mosaic-tile-5x5,UPDATE,active,TRUE,web
checkerboard-bardiglio-calacatta-gold-18x18-polished-tile,UPDATE,active,TRUE,web
chevron-shadow-calacatta-12-x-11-75-mosaic-tile,UPDATE,active,TRUE,web
thaswhtbor1431,UPDATE,active,TRUE,web
calacatta-michelangelo-marble-tile-18-x-18-3-8-tile-micro-beveled,UPDATE,active,TRUE,web
checkers-with-nero-marquina-calacatta-gold-24x24-honed-tile,UPDATE,active,TRUE,web
alice-precious-calacatta-11-5-x-12-waterjet-mosaic,UPDATE,active,TRUE,web
checkerboard-bianco-dolomite-calacatta-gold-18x18-honed-tile,UPDATE,active,TRUE,web
solis-honed-marble-blend-mosaic-tile-in-white-carrara-white-thassos,UPDATE,active,TRUE,web
calgldmos1314,UPDATE,active,TRUE,web
thaswhttil1217,UPDATE,active,TRUE,web
calacatta-gold-marble-brass-inlay-polished-waterjet-mosaic-tile,UPDATE,active,TRUE,web
checkers-with-nero-marquina-calacatta-gold-18x18-polished-tile,UPDATE,active,TRUE,web
thassos-white-hexagon-mosaic-tile-6x6,UPDATE,active,TRUE,web
calacatta-gold-white-marble-octagon-backsplash-mosaic-with-ming-green-dots,UPDATE,active,TRUE,web
calgldmos1325,UPDATE,active,TRUE,web
calgldmos1341,UPDATE,active,TRUE,web
calgldmos1345,UPDATE,active,TRUE,web
white-galaxy-thassos-black-marble-polished-floor-wall-mosaic,UPDATE,active,TRUE,web
white-galaxy-thassos-grey-marble-polished-floor-wall-mosaic,UPDATE,active,TRUE,web
white-galaxy-thassos-blue-marble-polished-floor-wall-mosaic,UPDATE,active,TRUE,web
calgldmos1305,UPDATE,active,TRUE,web
arabesque-calacatta-gold-12-x-12-mosaic-tile-1,UPDATE,active,TRUE,web
atrium-honed-marble-blend-mosaic-tile-in-nero-marquina-bardiglio-myra-beige,UPDATE,active,TRUE,web
thassos-white-greek-marble-border-3-8-basketweave-border-corner-w-ming-green,UPDATE,active,TRUE,web
combhex-thassos-grey-marble-polished-floor-and-wall-mosaic,UPDATE,active,TRUE,web
combhex-thassos-nero-marquina-marble-polished-wall-mosaic,UPDATE,active,TRUE,web
thassos-classic-1-2-x12-honed-marble-pencil-liner-trim-tile,UPDATE,active,TRUE,web
thassos-white-greek-marble-polished-3-8-basketweave-border-corner-w-blue-gray,UPDATE,active,TRUE,web
checkers-with-thassos-white-calacatta-gold-12x12-polished-tile,UPDATE,active,TRUE,web
north-pole-labyrinth-thassos-marble-polished-backsplash,UPDATE,active,TRUE,web
bower-thassos-black-basalt-marble-polished-floor-wall-mosaic,UPDATE,active,TRUE,web
bardiglio-imperiale-box-liner-trim-tile-3-4x12,UPDATE,active,TRUE,web
water-drop-calacatta-gold-honed-11-x-11-mosaic-tile,UPDATE,active,TRUE,web
geometric-thassos-black-marble-polished-floor-wall-mosaic,UPDATE,active,TRUE,web
geometric-thassos-carrara-marble-polished-floor-wall-mosaic,UPDATE,active,TRUE,web
calgldmos1356,UPDATE,active,TRUE,web
alice-pearl-calacatta-11-5-x-12-waterjet-mosaic,UPDATE,active,TRUE,web
carrara-white-marble-16x24-leathered-tile,UPDATE,active,TRUE,web
thassos-white-greek-marble-mosaic-3-8-chevron-large-thassos-black-thin-strips-mosaic,UPDATE,active,TRUE,web
willow-leaf-carrara-thassos-marble-polished-backsplash,UPDATE,active,TRUE,web
penny-calacatta-marble-11-x-11-75-mosaic-tile-1,UPDATE,active,TRUE,web
checkerboard-bianco-dolomite-calacatta-gold-12x12-polished-tile,UPDATE,active,TRUE,web
aether-calacatta-11-5-x-12-mosaic-tile,UPDATE,active,TRUE,web
checkerboard-thassos-white-crema-marfil-24x24-polished-tile,UPDATE,active,TRUE,web
checkerboard-with-thassos-white-absolute-black-24x24-polished-tile,UPDATE,active,TRUE,web
checkers-with-thassos-white-carrara-white-24x24-polished-tile,UPDATE,active,TRUE,web
checkers-with-nero-marquina-calacatta-gold-18x18-honed-tile,UPDATE,active,TRUE,web
checkerboard-with-thassos-white-nero-marquina-24x24-polished-tile,UPDATE,active,TRUE,web
white-carrara-polished-1x6-herringbone-marble-mosaic,UPDATE,active,TRUE,web
thassos-white-greek-marble-mosaic-3-8-berlinetta-design-thassos-w-blue-gray-mosaic,UPDATE,active,TRUE,web
royal-block-thassos-black-marble-polished-backsplash,UPDATE,active,TRUE,web
royal-block-thassos-carrara-marble-polished-backsplash,UPDATE,active,TRUE,web
daisy-bloom-calacatta-11-75-x-13-25-mosaic-tile-1,UPDATE,active,TRUE,web
calacatta-oliva-marble-molding-1-2-x-12-pencil-liner,UPDATE,active,TRUE,web
crema-marfil-leathered-marble-tile-16-x-24,UPDATE,active,TRUE,web
artistic-ex-thassos-blue-marble-polished-floor-wall-mosaic,UPDATE,active,TRUE,web
fraser-river-thassos-blue-marble-polished-floor-wall-mosaic,UPDATE,active,TRUE,web
fraser-river-thassos-grey-marble-polished-floor-wall-mosaic,UPDATE,active,TRUE,web
checkerboard-bardiglio-calacatta-gold-12x12-polished-tile,UPDATE,active,TRUE,web
palace-block-thassos-black-marble-polished-backsplash,UPDATE,active,TRUE,web
calacatta-viola-marble-18x18-inch-wall-floor-tile,UPDATE,active,TRUE,web
nermrqmol1505,UPDATE,active,TRUE,web
herringbone-calacatta-gold-honed-11-25-x-11-25-mosaic-tile,UPDATE,active,TRUE,web
checkerboard-thassos-white-bardiglio-18x18-polished-tile,UPDATE,active,TRUE,web
water-drop-calacatta-gold-polished-11-x-11-mosaic-tile,UPDATE,active,TRUE,web
thassos-white-greek-marble-polished-3-8-greek-key-border-corner-w-blue-gray,UPDATE,active,TRUE,web
thassos-white-greek-marble-border-3-1-2-x-7-3-8-greek-key-border-w-black,UPDATE,active,TRUE,web
checkers-with-thassos-white-calacatta-gold-12x12-honed-tile,UPDATE,active,TRUE,web
solis-honed-marble-blend-mosaic-tile-in-white-carrara-bardiglio,UPDATE,active,TRUE,web
nermrqtil1205,UPDATE,active,TRUE,web
thaswhttil1216,UPDATE,active,TRUE,web
nero-marquina-4x12-leather-tumbled-rectangle-tile,UPDATE,active,TRUE,web
net-thassos-carrara-marble-polished-floor-and-wall-mosaic,UPDATE,active,TRUE,web
checkers-with-nero-marquina-bianco-dolomite-24x24-polished-tile,UPDATE,active,TRUE,web
daisy-wild-calacatta-gold-12-75-x-13-25-mosaic-tile,UPDATE,active,TRUE,web
calacatta-viola-marble-12x24-inch-polished-wall-floor-tile,UPDATE,active,TRUE,web
trove-thassos-w-black-marble-polished-floor-and-wall-mosaic,UPDATE,active,TRUE,web
trove-thassos-w-blue-marble-polished-floor-and-wall-mosaic,UPDATE,active,TRUE,web
trove-thassos-w-grey-marble-polished-floor-and-wall-mosaic,UPDATE,active,TRUE,web
calacatta-gold-10-hexagon-tile-matte,UPDATE,active,TRUE,web
looming-star-thassos-black-marble-polished-floor-wall-mosaic,UPDATE,active,TRUE,web
looming-star-thassos-blue-marble-polished-floor-wall-mosaic,UPDATE,active,TRUE,web
looming-star-thassos-grey-marble-polished-floor-wall-mosaic,UPDATE,active,TRUE,web
thassos-white-greek-marble-polished-3-8-greek-key-border-corner-w-ming-green,UPDATE,active,TRUE,web
thassos-white-greek-marble-polished-3-8-florida-flower-border-corner-w-blue-gray,UPDATE,active,TRUE,web
slot-calacatta-11-75-x-11-75-mosaic-tile,UPDATE,active,TRUE,web
jumbo-lantern-carrara-black-dot-marble-polished-wall-mosaic,UPDATE,active,TRUE,web
jumbo-lantern-carrara-blue-dot-marble-polished-wall-mosaic,UPDATE,active,TRUE,web
checkersboard-bianco-dolomite-calacatta-gold-12x12-honed-tile,UPDATE,active,TRUE,web
checkerboard-thassos-white-crema-marfil-24x24-honed-tile,UPDATE,active,TRUE,web
checkers-with-thassos-white-carrara-white-24x24-honed-tile,UPDATE,active,TRUE,web
bianco-carrara-box-liner-trim-tile-3-4x12,UPDATE,active,TRUE,web
carwhtmol1507,UPDATE,active,TRUE,web
calacatta-viola-marble-12x12-inch-wall-floor-tile,UPDATE,active,TRUE,web
thaswhtmos1417,UPDATE,active,TRUE,web
nero-marquina-4x4-leather-tumbled-square-tile,UPDATE,active,TRUE,web
checkerboard-thassos-white-crema-marfil-18x18-honed-tile,UPDATE,active,TRUE,web
checkerboard-thassos-white-nero-marquina-18x18-polished-tile,UPDATE,active,TRUE,web
checkerboard-thassos-white-crema-marfil-18x18-polished-tile,UPDATE,active,TRUE,web
empdrkbor1403,UPDATE,active,TRUE,web
checkerboard-thassos-white-nero-marquina-24x24-honed-tile,UPDATE,active,TRUE,web
thassos-white-greek-marble-mosaic-3-8-triple-weave-w-black,UPDATE,active,TRUE,web
thaswhtbor1449,UPDATE,active,TRUE,web
carwhtmol1509,UPDATE,active,TRUE,web
checkerboard-with-thassos-white-absolute-black-18x18-polished-tile,UPDATE,active,TRUE,web
carwhtmol1505,UPDATE,active,TRUE,web
maze-bardiglio-w-thassos-white-marble-carrara-white-polished-waterjet-mosaic-tile,UPDATE,active,TRUE,web
celeste-honed-marble-blend-mosaic-tile-in-white-carrara-bardiglio,UPDATE,active,TRUE,web
checkers-with-nero-marquina-calacatta-gold-12x12-polished-tile,UPDATE,active,TRUE,web
thassos-white-basketweave-blue-grey-dots-mosaic-tile-large,UPDATE,active,TRUE,web
checkers-with-thassos-white-carrara-white-18x18-polished-tile,UPDATE,active,TRUE,web
checkerboard-bardiglio-calacatta-gold-12x12-honed-tile,UPDATE,active,TRUE,web
eclipse-calacatta-gold-12-25-x-12-25-mosaic-tile,UPDATE,active,TRUE,web
calacatta-oliva-marble-mosaic-3-8-chevron-mosaic,UPDATE,active,TRUE,web
empdrkbor1406,UPDATE,active,TRUE,web
checkerboard-thassos-white-bardiglio-18x18-honed-tile,UPDATE,active,TRUE,web
thassos-white-greek-marble-polished-3-8-bias-border-corner-w-ming-green,UPDATE,active,TRUE,web
hnyonxmos1321,UPDATE,active,TRUE,web
thassos-white-greek-marble-polished-3-8-florida-flower-border-corner-w-ming-green,UPDATE,active,TRUE,web
calacatta-blanco-pattern-polished-mosaic-tile,UPDATE,active,TRUE,web
stellare-with-carrara-white-and-nero-marquina-marble,UPDATE,active,TRUE,web
stellare-with-oriental-white-and-nero-marquina-marble,UPDATE,active,TRUE,web
penny-marble-calacatta-honed-11-x-11-75-mosaic-tile,UPDATE,active,TRUE,web
crema-marfil-box-liner-trim-tile-3-4x12,UPDATE,active,TRUE,web
checkers-with-nero-marquina-bianco-dolomite-24x24-honed-tile,UPDATE,active,TRUE,web
arabescato-carrara-pencil-liner-trim-tile,UPDATE,active,TRUE,web
thassos-carrara-marble-mother-of-pearl-petal-mosaic-polished-tile,UPDATE,active,TRUE,web
thassos-white-greek-marble-mosaic-5-x-5-3-8-hexagon-mosaic,UPDATE,active,TRUE,web
calgldtil1211,UPDATE,active,TRUE,web
thaswhtbor1433,UPDATE,active,TRUE,web
checkerboard-thassos-white-nero-marquina-18x18-honed-tile,UPDATE,active,TRUE,web
celestiale-with-oriental-white-and-nero-marquina-marble,UPDATE,active,TRUE,web
celestiale-with-carrara-white-and-nero-marquina-marble,UPDATE,active,TRUE,web
checkers-with-nero-marquina-calacatta-gold-12x12-honed-tile,UPDATE,active,TRUE,web
monet-honed-marble-mosaic-10-tile-in-nero-marquina,UPDATE,active,TRUE,web
aphrodite-onyx-12-x-12-mosaic-tile,UPDATE,active,TRUE,web
alice-pearl-thassos-new-11-5-x-12-waterjet-mosaic,UPDATE,active,TRUE,web
calacatta-oliva-marble-mosaic-1-x-2-3-8-herringbone-mosaic,UPDATE,active,TRUE,web
checkers-with-thassos-white-carrara-white-18x18-honed-tile,UPDATE,active,TRUE,web
light-beige-botticino-marble-quarter-round-trim-tile-1-x-12,UPDATE,active,TRUE,web
calacatta-oliva-marble-mosaic-3-8-p-octave-long-octagon-mosaic-w-black-calacatta-oliva,UPDATE,active,TRUE,web
elara-with-carrara-white-and-nero-marquina-marble,UPDATE,active,TRUE,web
elara-with-oriental-white-and-nero-marquina-marble,UPDATE,active,TRUE,web
carrara-white-marble-6x36-polished-threshold-trim-tile,UPDATE,active,TRUE,web
jumbo-basketweave-matte-marble-in-glorious-blue-with-thassos-dot,UPDATE,active,TRUE,web
carrara-italian-white-basketweave-border-w-black-dots,UPDATE,active,TRUE,web
empdrkbor1401,UPDATE,active,TRUE,web
solis-honed-marble-blend-mosaic-tile-in-nero-bardiglio-myra-beige,UPDATE,active,TRUE,web
bardiglio-imperial-4x12-leather-tumbled-rectangle-tile,UPDATE,active,TRUE,web
empress-green-4x12-leather-tumbled-rectangle-tile,UPDATE,active,TRUE,web
rosso-levanto-4x12-leather-tumbled-rectangle-tile,UPDATE,active,TRUE,web
carrara-white-marble-4x36-threshold-trim-tile,UPDATE,active,TRUE,web
thassos-white-greek-marble-polished-3-8-fan-raindrop-mosaic,UPDATE,active,TRUE,web
belfast-large-carrara-black-marble-polished-wall-mosaic,UPDATE,active,TRUE,web
empdrkbor1402,UPDATE,active,TRUE,web
checkers-with-nero-marquina-bianco-dolomite-18x18-polished-tile,UPDATE,active,TRUE,web
combhex-carrara-blue-non-space-marble-polished-wall-mosaic,UPDATE,active,TRUE,web
combhex-carrara-blue-marble-polished-floor-and-wall-mosaic,UPDATE,active,TRUE,web
trove-mini-thassos-black-marble-polished-floor-wall-mosaic,UPDATE,active,TRUE,web
thassos-white-greek-marble-mosaic-3-8-stanza-mosaic-w-black-dots,UPDATE,active,TRUE,web
bardiglio-imperial-4x4-leather-tumbled-square-tile,UPDATE,active,TRUE,web
empress-green-4x4-leather-tumbled-square-tile,UPDATE,active,TRUE,web
rosso-levanto-4x4-leather-tumbled-square-tile,UPDATE,active,TRUE,web
tracery-oriental-white-c-bardiglio-marble-polished-backsplash,UPDATE,active,TRUE,web
thassos-white-greek-marble-mosaic-3-8-bubbles-mosaic,UPDATE,active,TRUE,web
calacatta-oliva-marble-mosaic-3-8-basketweave-mosaic-w-black-1,UPDATE,active,TRUE,web
empdrkbor1405,UPDATE,active,TRUE,web
emperador-light-marble-5x12-baseboard-polished,UPDATE,active,TRUE,web
dolomite-w-bardiglio-mother-of-pearl-polished-waterjet-mosaic-tile,UPDATE,active,TRUE,web
monet-honed-marble-mosaic-4-tile-in-nero-marquina,UPDATE,active,TRUE,web
monet-honed-marble-mosaic-6-tile-in-nero-marquina,UPDATE,active,TRUE,web
monet-honed-marble-mosaic-7-tile-in-nero-marquina,UPDATE,active,TRUE,web
calacatta-gold-wall-backsplash-and-floor-tile,UPDATE,active,TRUE,web
nermrqmos1304,UPDATE,active,TRUE,web
carwhtbor1405,UPDATE,active,TRUE,web
atrium-honed-marble-blend-mosaic-tile-in-white-carrara-bardiglio,UPDATE,active,TRUE,web
light-beige-botticino-marble-bullnose-liner-trim-tile,UPDATE,active,TRUE,web
monet-honed-marble-mosaic-10-tile-in-white-carrara,UPDATE,active,TRUE,web
textured-thassos-11-75-x-11-75-mosaic-tile,UPDATE,active,TRUE,web
nermrqmos1303,UPDATE,active,TRUE,web
cremrfbor1402,UPDATE,active,TRUE,web
fraser-river-carrara-black-marble-polished-floor-wall-mosaic,UPDATE,active,TRUE,web
sora-with-oriental-white-and-nero-marquina-marble,UPDATE,active,TRUE,web
sora-with-carrara-white-and-nero-marquina-marble,UPDATE,active,TRUE,web
carwhtbor1403,UPDATE,active,TRUE,web
manhattan-weave-blue-white-dot-corner-marble-polished-accent,UPDATE,active,TRUE,web
noche-travertine-16x24-antique-leathered-tile,UPDATE,active,TRUE,web
empress-green-12x12-leather-tumbled-square-tile,UPDATE,active,TRUE,web
rosso-levanto-12x12-modern-tumbled-square-tile,UPDATE,active,TRUE,web
checkerboard-thassos-white-bardiglio-12x12-polished-tile,UPDATE,active,TRUE,web
empdrkbor1409,UPDATE,active,TRUE,web
matisse-mosaic-1-marble-blend-in-white-carrara-nero-marquina,UPDATE,active,TRUE,web
matisse-mosaic-2-marble-blend-in-white-carrara-nero-marquina,UPDATE,active,TRUE,web
matisse-mosaic-3-marble-blend-in-white-carrara-nero-marquina,UPDATE,active,TRUE,web
thassos-white-greek-marble-mosaic-1-x-2-random-split-faced-brick-mosaic,UPDATE,active,TRUE,web
checkers-with-nero-marquina-bianco-dolomite-18x18-honed-tile,UPDATE,active,TRUE,web
empdrkbor1407,UPDATE,active,TRUE,web
cremrfbor1405,UPDATE,active,TRUE,web
skywalk-carrara-w-blue-marble-polished-floor-and-wall-mosaic,UPDATE,active,TRUE,web
skywalk-carrara-w-black-marble-polished-floor-and-wall-mosaic,UPDATE,active,TRUE,web
absolute-black-granite-2x12-polished-chair-rail-trim-tile,UPDATE,active,TRUE,web
checkerboard-bardiglio-bianco-dolomite-18x18-polished-tile,UPDATE,active,TRUE,web
emperador-brown-4x12-leather-tumbled-rectangle-tile,UPDATE,active,TRUE,web
checkerboard-bianco-dolomite-carrara-white-24x24-polished-tile,UPDATE,active,TRUE,web
carrara-italian-marble-4-inch-lantern-arabesque-mosaic-tile,UPDATE,active,TRUE,web
ferrara-honed-chevron-marble-mosaic-tile-in-bianco,UPDATE,active,TRUE,web
chevron-long-thassos-11-x-12-50-mosaic-tile,UPDATE,active,TRUE,web
net-light-dark-carrara-marble-polished-floor-and-wall-mosaic,UPDATE,active,TRUE,web
fantasy-square-carrara-marble-polished-floor-and-wall-mosaic,UPDATE,active,TRUE,web
thassos-white-greek-marble-mosaic-3-8-chevron-mini-mosaic,UPDATE,active,TRUE,web
tndgrymol1505,UPDATE,active,TRUE,web
monet-honed-marble-mosaic-3-tile-in-nero-marquina,UPDATE,active,TRUE,web
dragon-scale-calacatta-gold-9-75-x-10-mosaic-tile,UPDATE,active,TRUE,web
polar-white-hexagon-mosaic-tile,UPDATE,active,TRUE,web
celestiale-with-carrara-white-and-empress-green-marble,UPDATE,active,TRUE,web
thassos-white-greek-marble-mosaic-1-x-2-3-8-diamond-rhomboid-mosaic,UPDATE,active,TRUE,web
thassos-white-greek-marble-mosaic-1-x-3-3-8-herringbone-mosaic,UPDATE,active,TRUE,web
empdrkbor1410,UPDATE,active,TRUE,web
tndgrymol1507,UPDATE,active,TRUE,web
arabescato-carrara-3x12-picket-tile,UPDATE,active,TRUE,web
thassos-white-greek-marble-mosaic-3-8-berlinetta-design-thassos-w-ming-green-mosaic,UPDATE,active,TRUE,web
honeycomb-carrara-bardiglio-marble-polished-floor-wall-mosaic,UPDATE,active,TRUE,web
slvrtrvcop310014,UPDATE,active,TRUE,web
calacatta-gold-tumbled-flat-pebble-mosaic-12-x-12,UPDATE,active,TRUE,web
nermrqmos1301,UPDATE,active,TRUE,web
porto-light-beige-limestone-19x33-brushed-floor-wall-tile,UPDATE,active,TRUE,web
emperador-browns-4x4-leather-tumbled-square-tile,UPDATE,active,TRUE,web
elara-with-carrara-white-and-empress-green-marble,UPDATE,active,TRUE,web
empdrkbor1408,UPDATE,active,TRUE,web
cremrfbor1409,UPDATE,active,TRUE,web
checkerboard-nero-marquina-bardiglio-18x18-polished-tile,UPDATE,active,TRUE,web
tracery-oriental-white-c-carrara-marble-polished-backsplash,UPDATE,active,TRUE,web
queen-beige-marble-shower-niche-large,UPDATE,active,TRUE,web
nero-marquina-12x12-leather-tumbled-square-tile,UPDATE,active,TRUE,web
cremrfbor1407,UPDATE,active,TRUE,web
leaves-nero-marquina-marble-6x6-laser-engraved-tile,UPDATE,active,TRUE,web
serene-crest-nero-marquina-marble-6x6-laser-engraved-tile,UPDATE,active,TRUE,web
thassos-classic-1-x4-honed-herringbone-marble-mosaic-tile,UPDATE,active,TRUE,web
nero-marquina-matte-2-hexagon-mosaic-tile,UPDATE,active,TRUE,web
manhattan-weave-blue-white-dot-4x12-marble-honed-accent,UPDATE,active,TRUE,web
checkerboard-thassos-white-crema-marfil-12x12-polished-tile,UPDATE,active,TRUE,web
carrara-3-8-x-3-8-interlock-marble-polished-wall-mosaic,UPDATE,active,TRUE,web
chevron-oriental-blue-marble-polished-floor-and-wall-mosaic,UPDATE,active,TRUE,web
monet-honed-marble-mosaic-4-tile-in-white-carrara,UPDATE,active,TRUE,web
monet-honed-marble-mosaic-6-tile-in-white-carrara,UPDATE,active,TRUE,web
monet-honed-marble-mosaic-7-tile-in-white-carrara,UPDATE,active,TRUE,web
rosso-levanto-marble-12x12-wall-floor-tile,UPDATE,active,TRUE,web
checkerboard-bianco-dolomite-crema-marfil-24x24-polished-tile,UPDATE,active,TRUE,web
emperador-light-marble-2x12-polished-og-1-chair-rail-trim,UPDATE,active,TRUE,web
matisse-mosaic-3-marble-blend-in-white-carrara-thassos,UPDATE,active,TRUE,web
stripe-quilt-carrara-grey-marble-polished-backsplash,UPDATE,active,TRUE,web
trove-thassos-w-black-r-marble-polished-floor-and-wall-mosaic,UPDATE,active,TRUE,web
trove-thassos-w-blue-r-marble-polished-floor-and-wall-mosaic,UPDATE,active,TRUE,web
trove-thassos-w-grey-r-marble-polished-floor-and-wall-mosaic,UPDATE,active,TRUE,web
scatrvmol1311,UPDATE,active,TRUE,web
calacatta-oliva-marble-mosaic-5-8-x-5-8-staggered-3-8-mosaic,UPDATE,active,TRUE,web
checkerboard-thassos-white-bardiglio-12x12-honed-tile,UPDATE,active,TRUE,web
thassos-white-greek-marble-mosaic-1-x-1-3-8-hexagon-mosaic,UPDATE,active,TRUE,web
absolute-black-granite-1-2x12-polished-pencil-liner-trim-tile,UPDATE,active,TRUE,web
scbstrvcop310003,UPDATE,active,TRUE,web
carwhtmos1411,UPDATE,active,TRUE,web
carwhtmos1413,UPDATE,active,TRUE,web
matisse-mosaic-4-marble-blend-in-white-carrara-thassos,UPDATE,active,TRUE,web
cremrfbor1410,UPDATE,active,TRUE,web
light-beige-botticino-marble-wave-emp-dark-border-corner,UPDATE,active,TRUE,web
copper-slate-4x12-tumbled-border-tile,UPDATE,active,TRUE,web
light-beige-botticino-marble-wave-emp-dark-border,UPDATE,active,TRUE,web
oriwhtmol1505,UPDATE,active,TRUE,web
scatrvmol1312,UPDATE,active,TRUE,web
thassos-square-9x9-mosaic-tile,UPDATE,active,TRUE,web
monet-honed-marble-mosaic-8-tile-in-nero-marquina,UPDATE,active,TRUE,web
nero-marquina-matte-16x24-marble-tile,UPDATE,active,TRUE,web
thassos-hexagon-12x13-mosaic-tile,UPDATE,active,TRUE,web
stellare-with-carrara-white-and-giallo-reale-marble,UPDATE,active,TRUE,web
stellare-with-carrara-white-and-empress-green-marble,UPDATE,active,TRUE,web
stellare-with-carrara-white-and-rojo-alicante-marble,UPDATE,active,TRUE,web
jumbo-lantern-white-black-marble-polished-wall-mosaic,UPDATE,active,TRUE,web
jumbo-lantern-white-blue-marble-polished-wall-mosaic,UPDATE,active,TRUE,web
checkerboard-thassos-white-absolute-black-12x12-polished-tile,UPDATE,active,TRUE,web
checkerboard-bardiglio-bianco-dolomite-18x18-honed-tile,UPDATE,active,TRUE,web
verona-with-carrara-and-nero-marquina-patterned-marble,UPDATE,active,TRUE,web
verona-with-oriental-white-and-nero-marquina-marble,UPDATE,active,TRUE,web
empdrkbor1404,UPDATE,active,TRUE,web
oriental-white-box-liner-trim-tile-3-4x12,UPDATE,active,TRUE,web
queen-beige-polished-one-step-box-liner-trim-tile-3-4x12,UPDATE,active,TRUE,web
checkerboard-bianco-dolomite-carrara-white-24x24-honed-tile,UPDATE,active,TRUE,web
serratone-with-oriental-white-and-nero-marquina-marble,UPDATE,active,TRUE,web
serratone-with-carrara-white-and-nero-marquina-marble,UPDATE,active,TRUE,web
queen-beige-box-liner-trim-tile-3-4x12,UPDATE,active,TRUE,web
thassos-white-greek-marble-mosaic-3-8-octave-pattern-w-ming-green-long-octagon-mosaic,UPDATE,active,TRUE,web
thaswhttil1214,UPDATE,active,TRUE,web
princess-rosettes-grey-marble-polished-floor-and-wall-mosaic,UPDATE,active,TRUE,web
light-beige-botticino-marble-florida-flower-emp-dark-border,UPDATE,active,TRUE,web
cremrfbor1408,UPDATE,active,TRUE,web
checkerboard-thassos-white-nero-marquina-12x12-polished-tile,UPDATE,active,TRUE,web
checkers-with-nero-marquina-carrara-white-24x24-polished-tile,UPDATE,active,TRUE,web
thassos-white-greek-marble-mosaic-3-8-florida-flower-thassos-white-carrara-oval-blue-gray-dots-mosaic,UPDATE,active,TRUE,web
checkers-with-thassos-white-carrara-white-12x12-polished-tile,UPDATE,active,TRUE,web
princess-rosettes-black-marble-polished-floor-and-wall-mosaic,UPDATE,active,TRUE,web
princess-rosettes-blue-marble-polished-floor-and-wall-mosaic,UPDATE,active,TRUE,web
crema-marfil-marble-4x36-polished-threshold-trim-tile,UPDATE,active,TRUE,web
extra-light-travertine-16-x-24-chiseled-brushed-tile,UPDATE,active,TRUE,web
calacatta-oliva-marble-mosaic-3-8-diamond-rhomboid-mosaic,UPDATE,active,TRUE,web
qnbgmol1505,UPDATE,active,TRUE,web
monet-honed-marble-mosaic-5-tile-in-nero-marquina,UPDATE,active,TRUE,web
slvrtrvpav,UPDATE,active,TRUE,web
thassos-white-greek-marble-mosaic-3-8octagon-mosaic-w-ming-green-dots,UPDATE,active,TRUE,web
carwhtbor1415,UPDATE,active,TRUE,web
blomma-honed-marble-mosaic-tile-in-grigio,UPDATE,active,TRUE,web
carwhtmos1401,UPDATE,active,TRUE,web
checkerboard-thassos-white-queen-beige-12x12-polished-tile,UPDATE,active,TRUE,web
arabescato-carrara-herringbone-honed-mosaic-tile,UPDATE,active,TRUE,web
glorious-blue-3-matte-hexagon-marble-mosaic,UPDATE,active,TRUE,web
roman-autumn-slate-3x12-tumbled-border-tile,UPDATE,active,TRUE,web
checkers-with-nero-marquina-bianco-dolomite-12x12-polished-tile,UPDATE,active,TRUE,web
nermrqmos1307,UPDATE,active,TRUE,web
checkers-with-nero-marquina-bardiglio-18x18-honed-tile,UPDATE,active,TRUE,web
nblbor1411,UPDATE,active,TRUE,web
carwhtmos1349,UPDATE,active,TRUE,web
celestiale-with-carrara-white-and-giallo-reale-marble,UPDATE,active,TRUE,web
celestiale-with-carrara-white-and-rojo-alicante-marble,UPDATE,active,TRUE,web
checkers-with-nero-marquina-crema-marfil-18x18-polished-tile,UPDATE,active,TRUE,web
nermrqmos1302,UPDATE,active,TRUE,web
carwhtmos1399,UPDATE,active,TRUE,web
checkerboard-thassos-white-crema-marfil-12x12-honed-tile,UPDATE,active,TRUE,web
oriwhtmol1511,UPDATE,active,TRUE,web
cremrfbor1404,UPDATE,active,TRUE,web
honeycomb-carrara-black-marble-polished-floor-wall-mosaic,UPDATE,active,TRUE,web
checkerboard-bianco-dolomite-crema-marfil-24x24-honed-tile,UPDATE,active,TRUE,web
sora-carrara-white-and-empress-green-patterned-marble,UPDATE,active,TRUE,web
ivrtrvmol1503,UPDATE,active,TRUE,web
hnyonxmos1319,UPDATE,active,TRUE,web
thassos-white-greek-marble-mosaic-3-8-lattice-thassos-carrara-white-blue-gray-mosaic,UPDATE,active,TRUE,web
thassos-white-greek-marble-mosaic-3-8-penny-round-mosaic-thassos-carrara-black,UPDATE,active,TRUE,web
carwhtmos1373,UPDATE,active,TRUE,web
elara-with-carrara-white-and-giallo-reale-marble,UPDATE,active,TRUE,web
elara-with-carrara-white-and-rojo-alicante-marble,UPDATE,active,TRUE,web
plaid-beige-thassos-marble-6-x6-laser-engraved-tile,UPDATE,active,TRUE,web
bardiglio-imperiale-10-hexagon-tile-matte,UPDATE,active,TRUE,web
checkers-with-nero-marquina-bardiglio-12x12-polished-tile,UPDATE,active,TRUE,web
checkers-with-nero-marquina-carrara-white-18x18-polished-tile,UPDATE,active,TRUE,web
matisse-mosaic-4-marble-blend-in-white-carrara-nero-marquina,UPDATE,active,TRUE,web
walnut-travertine-molding-honed-5x12-baseboard-trim,UPDATE,active,TRUE,web
antico-ony-travertine-tile-versailles-pattern-antiqued-hand-tumbled-french-pattern,UPDATE,active,TRUE,web
zayra-arabesque-matte-limestone-mosaic-tile,UPDATE,active,TRUE,web
arabescato-carrara-basketweave-honed-mosaic-tile,UPDATE,active,TRUE,web
thassos-white-greek-marble-mosaic-3-8-3-d-small-bread-mosaic,UPDATE,active,TRUE,web
ferrara-honed-chevron-marble-mosaic-tile-with-brass-in-argento,UPDATE,active,TRUE,web
thassos-white-marble-octagon-patio-w-blue-polished,UPDATE,active,TRUE,web
checkerboard-thassos-white-nero-marquina-12x12-honed-tile,UPDATE,active,TRUE,web
checkers-with-nero-marquina-carrara-white-24x24-honed-tile,UPDATE,active,TRUE,web
checkers-with-nero-marquina-crema-marfil-24x24-honed-tile,UPDATE,active,TRUE,web
monet-2-x-8-honed-marble-decorative-tile-in-nero-marquina,UPDATE,active,TRUE,web
monet-honed-marble-mosaic-1-tile-in-nero-marquina,UPDATE,active,TRUE,web
monet-honed-marble-mosaic-9-tile-in-nero-marquina,UPDATE,active,TRUE,web
monet-honed-marble-mosaic-2-tile-in-nero-marquina,UPDATE,active,TRUE,web
checkers-with-thassos-white-carrara-white-12x12-honed-tile,UPDATE,active,TRUE,web
qnbgmol1503,UPDATE,active,TRUE,web
tndgrymol1502,UPDATE,active,TRUE,web
tndgrymol1503,UPDATE,active,TRUE,web
lymra-linen-limestone-16x24-tile,UPDATE,active,TRUE,web
monet-honed-marble-mosaic-8-tile-in-white-carrara,UPDATE,active,TRUE,web
qnbgmol1506,UPDATE,active,TRUE,web
checkerboard-bianco-dolomite-carrara-white-18x18-polished-tile,UPDATE,active,TRUE,web
checkers-with-thassos-white-queen-beige-12x12-honed-tile,UPDATE,active,TRUE,web
emperador-light-tumbled-coasters-4x4,UPDATE,active,TRUE,web
checkers-with-nero-marquina-crema-marfil-12x12-polished-tile,UPDATE,active,TRUE,web
phltrvmol1504,UPDATE,active,TRUE,web
slvtrvmol1504,UPDATE,active,TRUE,web
valtrvmol1504,UPDATE,active,TRUE,web
thassos-white-greek-marble-mosaic-3-8-stanza-mosaic-w-blue-gray-dots,UPDATE,active,TRUE,web
antico-onyx-travertine-tumbled-mini-versailles-mosaic,UPDATE,active,TRUE,web
carrara-marble-3d-cube-illusion-diamond-hex-mosaic-bush-hammered,UPDATE,active,TRUE,web
ferrara-honed-chevron-marble-mosaic-tile-in-nero,UPDATE,active,TRUE,web
checkers-with-nero-marquina-bianco-dolomite-12x12-honed-tile,UPDATE,active,TRUE,web
cremrfbor1403,UPDATE,active,TRUE,web
coral-sea-islands-black-marble-polished-floor-and-wall-mosaic,UPDATE,active,TRUE,web
thassos-white-greek-marble-mosaic-3-8-lattice-thassos-carrara-white-black-mosaic,UPDATE,active,TRUE,web
tangier-blue-dot-marble-polished-floor-and-wall-mosaic,UPDATE,active,TRUE,web
checkerboard-bardiglio-bianco-dolomite-12x12-polished-tile,UPDATE,active,TRUE,web
checkerboard-bardiglio-crema-marfil-18x18-polished-tile,UPDATE,active,TRUE,web
bardiglio-imperial-12x12-leather-tumbled-square-tile,UPDATE,active,TRUE,web
checkerboard-nero-marquina-bianco-dolomite-marble-tile,UPDATE,active,TRUE,web
glorious-white-3-hexagon-brushed-marble-mosaic,UPDATE,active,TRUE,web
valtrvmol1503,UPDATE,active,TRUE,web
checkers-with-nero-marquina-crema-marfil-18x18-honed-tile,UPDATE,active,TRUE,web
micro-herringbone-black-dot-marble-polished-backsplash,UPDATE,active,TRUE,web
nermrqtil1201,UPDATE,active,TRUE,web
monet-honed-marble-mosaic-5-tile-in-white-carrara,UPDATE,active,TRUE,web
scbstrvcop300045,UPDATE,active,TRUE,web
green-polished-12x12-onyx-tile,UPDATE,active,TRUE,web
checkerboard-bardiglio-carrara-white-18x18-polished-tile,UPDATE,active,TRUE,web
tiramisu-travertine-24-x-24-matte-filled-tile,UPDATE,active,TRUE,web
checkerboard-nero-marquina-carrara-white-12x12-polished-tile,UPDATE,active,TRUE,web
scatrvmol1308,UPDATE,active,TRUE,web
scatrvmol1309,UPDATE,active,TRUE,web
checkerboard-bianco-dolomite-crema-marfil-18x18-polished-tile,UPDATE,active,TRUE,web
checkers-with-nero-marquina-bardiglio-12x12-honed-tile,UPDATE,active,TRUE,web
checkers-with-nero-marquina-carrara-white-18x18-honed-tile,UPDATE,active,TRUE,web
thassos-triangle-12x14-mosaic-tile,UPDATE,active,TRUE,web
checkers-with-nero-marquina-queen-beige-12x12-polished-tile,UPDATE,active,TRUE,web
oriwhtmos1390,UPDATE,active,TRUE,web
scatrvmol1307,UPDATE,active,TRUE,web
latttrvpav,UPDATE,active,TRUE,web
verona-carrara-and-verde-alpi-patterned-marble,UPDATE,active,TRUE,web
scatrvmol1306,UPDATE,active,TRUE,web
scatrvmol1310,UPDATE,active,TRUE,web
sora-with-carrara-white-and-giallo-reale-marble,UPDATE,active,TRUE,web
sora-with-carrara-white-and-rojo-alicante-marble,UPDATE,active,TRUE,web
serratone-carrara-and-verde-alpi-patterned-marble,UPDATE,active,TRUE,web
empress-green-marble-tile,UPDATE,active,TRUE,web
thassos-white-greek-marble-mosaic-3-8-bamboo-sticks-single-color-thassos-mosaic,UPDATE,active,TRUE,web
thassos-white-greek-marble-mosaic-5-8-x-1-1-4-3-8-mini-brick-mosaic,UPDATE,active,TRUE,web
pietra-grey-marble-pencil-liner-trim-tile,UPDATE,active,TRUE,web
oriwhtbor1401,UPDATE,active,TRUE,web
slvrtrvcop310103,UPDATE,active,TRUE,web
arebescato-carrara-1-honed-hexagon-mosaic-tile,UPDATE,active,TRUE,web
monet-4-x-4-honed-marble-decorative-tile-in-nero-marquina,UPDATE,active,TRUE,web
polar-white-crystal-thassos-2-x2-matte-marble-square-mosaic,UPDATE,active,TRUE,web
thassos-white-greek-marble-mosaic-3-8-penny-round-mosaic-single-color-thassos,UPDATE,active,TRUE,web
chevron-long-carrara-11-x-12-5-mosaic-tile,UPDATE,active,TRUE,web
antico-onyx-travertine-mosaic-1-x-2-wavy-herringbone,UPDATE,active,TRUE,web
checkerboard-bianco-dolomite-carrara-white-18x18-honed-tile,UPDATE,active,TRUE,web
scbstrvcop300046,UPDATE,active,TRUE,web
antico-onyx-travertine-tumbled-round-faced-mosaic-tile-2x2,UPDATE,active,TRUE,web
cappuccino-beige-basketweave-mosaic-polished-tile-with-thassos-white-dots,UPDATE,active,TRUE,web
phltrvmol1501,UPDATE,active,TRUE,web
slvtrvmol1502,UPDATE,active,TRUE,web
valtrvmol1502,UPDATE,active,TRUE,web
valtrvmol1501,UPDATE,active,TRUE,web
checkerboard-nero-marquina-crema-marfil-12x12-honed-tile,UPDATE,active,TRUE,web
walnut-travertine-molding-honed-1x12-dome-cane-liner,UPDATE,active,TRUE,web
carwhtmos1343,UPDATE,active,TRUE,web
nero-marquina-triangle-12x14-mosaic-tile,UPDATE,active,TRUE,web
oriental-white-asian-statuary-marble-polished-3-8-berlinetta-design-w-black-1,UPDATE,active,TRUE,web
hnyonxtil1203,UPDATE,active,TRUE,web
calacatta-cressa-3x6-white-subway-tile,UPDATE,active,TRUE,web
walnut-travertine-paver-24x24-1-25-tumbled,UPDATE,active,TRUE,web
checkerboard-bardiglio-bianco-dolomite-12x12-honed-tile,UPDATE,active,TRUE,web
checkerboard-bardiglio-crema-marfil-18x18-honed-tile,UPDATE,active,TRUE,web
absolute-black-polished-granite-hexagon-mosaic,UPDATE,active,TRUE,web
arabescato-venato-white-2x6-marble-tile,UPDATE,active,TRUE,web
cremrfmos1343,UPDATE,active,TRUE,web
empdrkmos1338,UPDATE,active,TRUE,web
nermrqtil1202,UPDATE,active,TRUE,web
tangier-grey-dot-marble-polished-floor-and-wall-mosaic,UPDATE,active,TRUE,web
carwhtmos1375,UPDATE,active,TRUE,web
checkerboard-bardiglio-carrara-white-18x18-honed-tile,UPDATE,active,TRUE,web
checkerboard-bardiglio-crema-marfil-12x12-polished-tile,UPDATE,active,TRUE,web
solenne-honed-limestone-mosaic,UPDATE,active,TRUE,web
extra-light-travertine-24-x-24-matte-filled-tile,UPDATE,active,TRUE,web
antico-onyx-travertine-tumbled-round-faced-mosaic-tile-4x4,UPDATE,active,TRUE,web
scatrvmol1301,UPDATE,active,TRUE,web
scatrvmol1302,UPDATE,active,TRUE,web
scatrvmol1303,UPDATE,active,TRUE,web
carrara-white-marble-hexagon-2-tumbled,UPDATE,active,TRUE,web
checkers-with-nero-marquina-carrara-white-12x12-honed-tile,UPDATE,active,TRUE,web
arabescato-carrara-2x4-honed-and-beveled-subway-tile,UPDATE,active,TRUE,web
nctrvcop300044,UPDATE,active,TRUE,web
nermrqtil1203,UPDATE,active,TRUE,web
micro-herringbone-grey-dot-marble-polished-backsplash,UPDATE,active,TRUE,web
micro-herringbone-blue-dot-marble-polished-backsplash,UPDATE,active,TRUE,web
checkerboard-bianco-dolomite-crema-marfil-18x18-honed-tile,UPDATE,active,TRUE,web
spanish-grey-marble-polished-hexagon-mosaic,UPDATE,active,TRUE,web
oriwhtbor1405,UPDATE,active,TRUE,web
checkers-with-nero-marquina-queen-beige-12x12-honed-tile,UPDATE,active,TRUE,web
carwhtmos1415,UPDATE,active,TRUE,web
emperador-brown-12x12-modern-tumbled-square-tile,UPDATE,active,TRUE,web
aqua-petal-carrara-marble-6x6-laser-engraved-tile,UPDATE,active,TRUE,web
catacomb-teal-carrara-marble-6x6-laser-engraved-tile,UPDATE,active,TRUE,web
leaves-carrara-blue-marble-6x6-laser-engraved-tile,UPDATE,active,TRUE,web
leaves-carrara-taupe-marble-6x6-laser-engraved-tile,UPDATE,active,TRUE,web
leaves-carrara-gray-marble-6x6-laser-engraved-tile,UPDATE,active,TRUE,web
plaid-gray-carrara-marble-6x6-laser-engraved-tile,UPDATE,active,TRUE,web
rays-gray-carrara-marble-6x6-laser-engraved-tile,UPDATE,active,TRUE,web
serene-crest-carrara-blue-marble-6x6-laser-engraved-tile,UPDATE,active,TRUE,web
serene-crest-carrara-gray-marble-6x6-laser-engraved-tile,UPDATE,active,TRUE,web
serene-crest-carrara-marble-6x6-laser-engraved-tile,UPDATE,active,TRUE,web
checkerboard-bardiglio-carrara-white-12x12-polished-tile,UPDATE,active,TRUE,web
verde-tunas-granite-tile-12-x-12-polished,UPDATE,active,TRUE,web
belgium-blue-chevron-limestone-waterjet-mosaic,UPDATE,active,TRUE,web
arebescato-carrara-2-honed-octagon-mosaic-tile,UPDATE,active,TRUE,web
haisa-dark-marble-2x12-chair-rail-bullnose-trim-molding-polished,UPDATE,active,TRUE,web
haisa-dark-marble-2x12-chair-rail-trim-molding-polished,UPDATE,active,TRUE,web
haisa-dark-marble-4x12-baseboard-crown-molding-polished,UPDATE,active,TRUE,web
haisa-dark-marble-4x12-baseboard-trim-molding-polished,UPDATE,active,TRUE,web
haisa-dark-marble-5x12-baseboard-trim-molding-polished,UPDATE,active,TRUE,web
haisa-light-marble-5x12-baseboard-trim-molding-polished,UPDATE,active,TRUE,web
lymra-capri-limestone-tile-18-x-36-1-2-brushed-tile,UPDATE,active,TRUE,web
manhattan-basketweave-grey-black-dot-marble-polished-mosaic,UPDATE,active,TRUE,web
manhattan-basketweave-grey-white-dot-polished-12x12-mosaic,UPDATE,active,TRUE,web
manhattan-weave-black-white-dot-marble-polished-wall-mosaic,UPDATE,active,TRUE,web
manhattan-weave-blue-white-dot-marble-polished-wall-mosaic,UPDATE,active,TRUE,web
checkerboard-bardiglio-queen-beige-12x12-polished-tile,UPDATE,active,TRUE,web
checkerboard-with-thassos-white-and-nero-marquina-marble,UPDATE,active,TRUE,web
lymra-capri-limestone-tile-36-x-36-1-2-honed-tile,UPDATE,active,TRUE,web
oyster-travertine-tile-16-x-24-3-8-unfilled-brushed-chiseled-tile,UPDATE,active,TRUE,web
herringbone-sunrise-11-x-12-5-mosaic-tile,UPDATE,active,TRUE,web
daisy-wild-carrara-12-50-x-12-75-mosaic-tile-1,UPDATE,active,TRUE,web
athens-grey-polished-chair-rail-marble-molding,UPDATE,active,TRUE,web
glorious-blue-2-x-12-matte-chair-rail-trim,UPDATE,active,TRUE,web
thassos-white-greek-marble-mosaic-3-8-penny-round-mosaic-carrara-thassos-blue-gray,UPDATE,active,TRUE,web
nctrvpav130009,UPDATE,active,TRUE,web
carwhtmos1407,UPDATE,active,TRUE,web
afyon-white-arabesque-polished-mosaic-tile,UPDATE,active,TRUE,web
carwhtmos1383,UPDATE,active,TRUE,web
city-brick-w-black-dot-marble-polished-floor-and-wall-mosaic,UPDATE,active,TRUE,web
verona-with-carrara-and-giallo-reale-patterned-marble,UPDATE,active,TRUE,web
verona-with-carrara-and-rojo-alicante-patterned-marble,UPDATE,active,TRUE,web
extra-light-travertine-12-x-24-tumbled-pavers-2-inch,UPDATE,active,TRUE,web
chevron-shadow-blue-11-75-x-12-mosaic-tile,UPDATE,active,TRUE,web
barimptil1201,UPDATE,active,TRUE,web
serratone-with-carrara-and-giallo-reale-patterned-marble,UPDATE,active,TRUE,web
serratone-with-carrara-and-rojo-alicante-patterned-marble,UPDATE,active,TRUE,web
pietra-grey-12x24-matte-marble-tile,UPDATE,active,TRUE,web
oriwhtbor1403,UPDATE,active,TRUE,web
glorious-white-4x4-leather-tumbled-square-tile,UPDATE,active,TRUE,web
oriental-white-4x4-leather-tumbled-square-tile,UPDATE,active,TRUE,web
porto-beige-4x4-leather-tumbled-square-tile,UPDATE,active,TRUE,web
checkers-with-emperador-dark-polar-crystal-white-24x24-polished-tile,UPDATE,active,TRUE,web
empdrkmos1332,UPDATE,active,TRUE,web
arabescato-venato-white-4x12-marble-tile,UPDATE,active,TRUE,web
tracery-oriental-white-c-spgr-marble-polished-backsplash,UPDATE,active,TRUE,web
checkers-with-emperador-dark-tundra-gray-24x24-polished-tile,UPDATE,active,TRUE,web
nero-metal-arrow-10x12-mosaic-tile,UPDATE,active,TRUE,web
light-beige-botticino-marble-hexagon-combination-mosaic-tile,UPDATE,active,TRUE,web
moonwalk-w-black-dot-marble-polished-floor-and-wall-mosaic,UPDATE,active,TRUE,web
elemental-hexagon-blue-marble-polished-floor-and-wall-mosaic,UPDATE,active,TRUE,web
carrara-white-4x4-inch-tumbled-marble-tile,UPDATE,active,TRUE,web
madria-matte-limestone-mosaic,UPDATE,active,TRUE,web
checkerboard-bardiglio-crema-marfil-12x12-honed-tile,UPDATE,active,TRUE,web
sfax-matte-limestone-mosaic,UPDATE,active,TRUE,web
glorious-blue-3-x-12-brushed-marble-tile,UPDATE,active,TRUE,web
carrara-italian-deep-beveled-3x6-marble-subway-tile,UPDATE,active,TRUE,web
checkerboard-bardiglio-imperiale-bianco-dolomite-marble-tile,UPDATE,active,TRUE,web
zeuren-matte-limestone-mosaic,UPDATE,active,TRUE,web
ferrara-1-x-1-honed-marble-mosaic-tile-with-brass-in-bianco,UPDATE,active,TRUE,web
dougga-honed-limestone-mosaic-x1-4,UPDATE,active,TRUE,web
soltierra-matte-medley-limestone-mosaic,UPDATE,active,TRUE,web
herringbone-city-grey-11-25-x-11-25-mosaic-tile,UPDATE,active,TRUE,web
hexagon-italian-blue-10-25-x-11-75-mosaic-tile-1,UPDATE,active,TRUE,web
carwhtmos1365,UPDATE,active,TRUE,web
carwhtmos1369,UPDATE,active,TRUE,web
checkerboard-bianco-dolomite-carrara-white-12x12-polished-tile,UPDATE,active,TRUE,web
checkers-with-emperador-dark-emperador-light-24x24-polished-tile,UPDATE,active,TRUE,web
checkers-with-emperador-dark-polar-crystal-white-18x18-polished-tile,UPDATE,active,TRUE,web
micro-basketweave-black-dot-marble-polished-mosaic,UPDATE,active,TRUE,web
micro-basketweave-grey-dot-marble-polished-mosaic,UPDATE,active,TRUE,web
slvrtrvcop310102,UPDATE,active,TRUE,web
antico-onyx-travertine-split-faced-ledger-6x24,UPDATE,active,TRUE,web
herringbone-green-11-x-12-5-mosaic-tile,UPDATE,active,TRUE,web
checkerboard-bardiglio-carrara-white-12x12-honed-tile,UPDATE,active,TRUE,web
black-basalt-12-matte-hexagon-tile-copy,UPDATE,active,TRUE,web
fishing-net-white-black-dot-marble-polished-wall-mosaic,UPDATE,active,TRUE,web
fishing-net-white-blue-dot-marble-polished-wall-mosaic-1,UPDATE,active,TRUE,web
herringbone-blue-11-x-12-5-mosaic-tile,UPDATE,active,TRUE,web
carwhtmos1361,UPDATE,active,TRUE,web
carwhtmos1359,UPDATE,active,TRUE,web
ferrara-3-x-6-honed-marble-decorative-tile-with-brass-in-bianco,UPDATE,active,TRUE,web
ferrara-1-x-1-honed-marble-mosaic-tile-with-brass-in-argento,UPDATE,active,TRUE,web
carrara-with-nero-marquina,UPDATE,active,TRUE,web
queen-beige-polished-arabesque-lantern-mosaic-tile,UPDATE,active,TRUE,web
ferrara-3-x-6-honed-marble-decorative-tile-with-brass-in-argento,UPDATE,active,TRUE,web
ferrara-1-x-1-honed-marble-mosaic-tile-with-brass-in-nero,UPDATE,active,TRUE,web
slvtrvmol1503,UPDATE,active,TRUE,web
athen-gold-regency-polished-mosaic,UPDATE,active,TRUE,web
checkers-marble-mosaic-2-x-2-with-thassos-white,UPDATE,active,TRUE,web
thassos-nero-marquina-dot-11x12-mosaic-tile,UPDATE,active,TRUE,web
napolina-matte-filled-24x24-travertine-tile,UPDATE,active,TRUE,web
ivory-travertine-tumbled-tile-24x24-1-2,UPDATE,active,TRUE,web
ivrtrvpav130015,UPDATE,active,TRUE,web
hexagon-crystal-ocean-11-75-x-12-mosaic-tile,UPDATE,active,TRUE,web
checkerboard-bardiglio-queen-beige-12x12-honed-tile,UPDATE,active,TRUE,web
glorious-white-12x12-leather-tumbled-square-tile,UPDATE,active,TRUE,web
plaid-beige-carrara-marble-6-x6-laser-engraved-tile,UPDATE,active,TRUE,web
glorious-white-brushed-3-x-12-in-white,UPDATE,active,TRUE,web
scatrvtil1214,UPDATE,active,TRUE,web
georama-grigio-polished-marble-tile,UPDATE,active,TRUE,web
glorious-white-4x12-leather-tumbled-rectangle-tile,UPDATE,active,TRUE,web
oriental-white-4x12-leather-tumbled-rectangle-tile,UPDATE,active,TRUE,web
porto-beige-4x12-leather-tumbled-rectangle-tile,UPDATE,active,TRUE,web
nova-grey-matte-24x24-limestone-tile,UPDATE,active,TRUE,web
atlantic-grey-marble-12-x24-matte-floor-wall-tile,UPDATE,active,TRUE,web
absolute-black-granite-6x36-polished-threshold-trim-tile,UPDATE,active,TRUE,web
checkers-with-emperador-dark-tundra-gray-18x18-polished-tile,UPDATE,active,TRUE,web
american-chestnut-travertine-12-x-24-bullnose-coping-2-inch,UPDATE,active,TRUE,web
checkerboard-bianco-dolomite-crema-marfil-12x12-polished-tile,UPDATE,active,TRUE,web
bianco-gridwork-polished-tile,UPDATE,active,TRUE,web
botticino-beige-marble-brushed-and-straight-edge-versailles-pattern-tileclearance,UPDATE,active,TRUE,web
stacked-mosaic-with-bianco-carrara,UPDATE,active,TRUE,web
checkers-with-emperador-dark-emperador-light-18x18-polished-tile,UPDATE,active,TRUE,web
monet-honed-marble-mosaic-1-tile-in-white-carrara,UPDATE,active,TRUE,web
monet-honed-marble-mosaic-3-tile-in-white-carrara,UPDATE,active,TRUE,web
monet-honed-marble-mosaic-9-tile-in-white-carrara,UPDATE,active,TRUE,web
monet-honed-marble-mosaic-2-tile-in-white-carrara,UPDATE,active,TRUE,web
azula-floret-pattern-mosaic-tile,UPDATE,active,TRUE,web
checkerboard-emperador-dark-polar-crystal-white-12x12-polished-tile,UPDATE,active,TRUE,web
checkers-with-emperador-dark-cappuccino-18x18-polished-tile,UPDATE,active,TRUE,web
carrara-italian-marble-penny-round-mosaic-copy,UPDATE,active,TRUE,web
monet-honed-marble-mosaic-10-tile-in-oriental-white,UPDATE,active,TRUE,web
chevron-ravenna-loft-11-75-x-12-25-mosaic-tile,UPDATE,active,TRUE,web
octave-patio-grey-marble-polished-floor-and-wall-mosaic,UPDATE,active,TRUE,web
alice-pearl-snow-white-11-5-x-12-waterjet-mosaic,UPDATE,active,TRUE,web
absolute-black-polished-granite-square-mosaic,UPDATE,active,TRUE,web
alice-precious-blue-11-5-x-12-waterjet-mosaic,UPDATE,active,TRUE,web
antico-onyx-travertine-mosaic-1-x-2-random-split-faced-brick-mosaic,UPDATE,active,TRUE,web
medallion-gr-marble-12x12-mosaic-tile,UPDATE,active,TRUE,web
modni-arlo-honed-marble-mosaic-tile-in-warm-blend,UPDATE,active,TRUE,web
modni-beckett-honed-marble-mosaic-tile-in-warm-blend,UPDATE,active,TRUE,web
modni-emery-honed-marble-mosaic-tile-in-warm-blend,UPDATE,active,TRUE,web
modni-jett-honed-marble-mosaic-tile-in-warm-blend,UPDATE,active,TRUE,web
modni-lennox-honed-marble-mosaic-tile-in-warm-blend,UPDATE,active,TRUE,web
modni-monroe-honed-marble-mosaic-tile-in-warm-blend,UPDATE,active,TRUE,web
tndgrytil1220,UPDATE,active,TRUE,web
nero-marquina-dots-12x12-mosaic-tile,UPDATE,active,TRUE,web
carrara-white-tumbled-jade-pebble-mosaic-12-x-12,UPDATE,active,TRUE,web
lymra-capri-limestone-tile-18-x-36-1-2-honed-tile,UPDATE,active,TRUE,web
moonwalk-w-grey-dot-marble-polished-floor-and-wall-mosaic,UPDATE,active,TRUE,web
moonwalk-w-blue-dot-marble-polished-floor-and-wall-mosaic,UPDATE,active,TRUE,web
oyster-travertine-molding-2-x-12-honed-og-1-single-step-chair-rail-trim,UPDATE,active,TRUE,web
alice-precious-bianco-11-5-x-12-waterjet-mosaic,UPDATE,active,TRUE,web
checkerboard-bianco-dolomite-carrara-white-12x12-honed-tile,UPDATE,active,TRUE,web
octave-patio-black-marble-polished-floor-and-wall-mosaic,UPDATE,active,TRUE,web
octave-patio-blue-marble-polished-floor-and-wall-mosaic,UPDATE,active,TRUE,web
checkerboard-with-carrara-and-verdi-alpi-marble,UPDATE,active,TRUE,web
octave-canvas-grey-marble-polished-floor-and-wall-mosaic,UPDATE,active,TRUE,web
octave-canvas-white-marble-polished-floor-and-wall-mosaic,UPDATE,active,TRUE,web
checkerboard-carrara-white-bardiglio-imperiale-marble-tile,UPDATE,active,TRUE,web
chevron-blue-8-x-12-mosaic-tile,UPDATE,active,TRUE,web
checkerboard-with-carrara-and-rojo-alicante-marble,UPDATE,active,TRUE,web
carwhtmos1347,UPDATE,active,TRUE,web
athena-gold-chevron-pattern-honed-mosaic-tile,UPDATE,active,TRUE,web
micro-basketweave-blue-dot-marble-polished-mosaic,UPDATE,active,TRUE,web
checkers-with-emperador-dark-tundra-gray-12x12-polished-tile,UPDATE,active,TRUE,web
mnktil1207,UPDATE,active,TRUE,web
nero-marquina-metal-geo-12x14-mosaic-tile,UPDATE,active,TRUE,web
polar-white-marble-tile-12-x-12-1-2-polished-tile,UPDATE,active,TRUE,web
aphrodite-sky-12-x-12-mosaic-tile,UPDATE,active,TRUE,web
glorious-blue-12-x-24-matte-marble-tile,UPDATE,active,TRUE,web
athena-gold-lola-polished-marble-mosaic,UPDATE,active,TRUE,web
burlington-4-square-black-dot-marble-polished-wall-mosaic,UPDATE,active,TRUE,web
checkers-with-emperador-dark-emperador-light-12x12-polished-tile,UPDATE,active,TRUE,web
qnbgtil1212,UPDATE,active,TRUE,web
daisy-bloom-ocean-11-75-x-13-25-mosaic-tile,UPDATE,active,TRUE,web
ferrara-3-x-6-honed-marble-decorative-tile-with-brass-in-nero,UPDATE,active,TRUE,web
cremrfmos1338,UPDATE,active,TRUE,web
hexagon-beach-11-75-x-12-mosaic-tile-1,UPDATE,active,TRUE,web
belgium-blue-textura-leaf-limestone-mosaic-11-13-16x13-9-16,UPDATE,active,TRUE,web
aphrodite-grassland-12-x-12-mosaic-tile,UPDATE,active,TRUE,web
water-drop-silver-grey-10-75-x-11-mosaic-tile,UPDATE,active,TRUE,web
checkerboard-bianco-dolomite-crema-marfil-12x12-honed-tile,UPDATE,active,TRUE,web
hexagon-blue-large-10-75-x-12-5-mosaic-tile,UPDATE,active,TRUE,web
symra-limestone-tile-18-x-36-1-2-brushed-tile,UPDATE,active,TRUE,web
italian-statuary-white-polished-12x24-marble-tile,UPDATE,active,TRUE,web
aphrodite-mix-grey-honed-12-x-12-mosaic-tile,UPDATE,active,TRUE,web
glorious-white-12-x-24-floor-wall-tile,UPDATE,active,TRUE,web
daisy-crystal-ocean-12-5-x-13-mosaic-tile,UPDATE,active,TRUE,web
bianco-dolomite-regency-polished,UPDATE,active,TRUE,web
water-drop-beach-10-75-x-11-mosaic-tile,UPDATE,active,TRUE,web
spanish-grey-marble-polished-square-mosaic,UPDATE,active,TRUE,web
malibu-travertine-tile-18-x-18-3-8-filled-honed-tile,UPDATE,active,TRUE,web
arabescato-carrara-marble-wall-and-floor-tile,UPDATE,active,TRUE,web
lymra-capri-limestone-tile-24-x-24-1-2-honed-tile,UPDATE,active,TRUE,web
monet-4-x-4-honed-marble-decorative-tile-in-white-carrara,UPDATE,active,TRUE,web
carwhtmos1345,UPDATE,active,TRUE,web
monet-grey-marble-coping-12x12-1-25,UPDATE,active,TRUE,web
oyster-travertine-molding-3-4-x-12-honed-bullnose-liner,UPDATE,active,TRUE,web
scatrvtil1219,UPDATE,active,TRUE,web
daisy-wild-grey-12-5-x-13-mosaic-tile,UPDATE,active,TRUE,web
hexagon-blue-11-75-x-12-mosaic-tile,UPDATE,active,TRUE,web
herringbone-italian-blue-11-x-12-5-mosaic-tile,UPDATE,active,TRUE,web
phltrvmos1311,UPDATE,active,TRUE,web
athena-gold-estrella-polished-marble-mosaic,UPDATE,active,TRUE,web
manhattan-basketweave-grey-black-dot-border-marble-4x12-mosaic,UPDATE,active,TRUE,web
manhattan-basketweave-grey-white-dot-border-marble-4x12-mosaic,UPDATE,active,TRUE,web
micro-basketweave-black-dot-border-marble-mosaic,UPDATE,active,TRUE,web
micro-basketweave-grey-dot-border-marble-mosaic,UPDATE,active,TRUE,web
blomma-honed-marble-mosaic-tile-in-bianco,UPDATE,active,TRUE,web
monet-honed-marble-mosaic-4-tile-in-oriental-white,UPDATE,active,TRUE,web
monet-honed-marble-mosaic-6-tile-in-oriental-white,UPDATE,active,TRUE,web
monet-honed-marble-mosaic-7-tile-in-oriental-white,UPDATE,active,TRUE,web
statuary-white-polished-1x6-herringbone-marble-mosaic,UPDATE,active,TRUE,web
thassos-white-greek-marble-mosaic-3-8-triple-weave-w-ming-green-dots,UPDATE,active,TRUE,web
ming-green-marble-12x12-tumbled-tile,UPDATE,active,TRUE,web
palisandro-marble-chevron-tile,UPDATE,active,TRUE,web
carwhtmos1397,UPDATE,active,TRUE,web
bianco-dolomite-marble-chevron-pattern,UPDATE,active,TRUE,web
symra-limestone-tile-24-x-24-1-2-brushed-tile,UPDATE,active,TRUE,web
statuary-white-matte-18x18-marble-tile,UPDATE,active,TRUE,web
slvtrvmol1501,UPDATE,active,TRUE,web
hexagon-dusk-11-75-x-12-mosaic-tile,UPDATE,active,TRUE,web
statuarietto-italian-marble-tile-16-x-16-3-8-polished-tile-micro-beveled,UPDATE,active,TRUE,web
tetri-florita-blanco-pattern-tile,UPDATE,active,TRUE,web
hexagon-city-grey-11-75-x-12-mosaic-tile,UPDATE,active,TRUE,web
cremrfmos1337,UPDATE,active,TRUE,web
emperador-light-marble-1x1-polished-square-mosaic,UPDATE,active,TRUE,web
checkers-marble-mosaic-2x2-with-bianco-carrara-bardiglio-imperiale,UPDATE,active,TRUE,web
qnbgtil1216,UPDATE,active,TRUE,web
modni-arlo-honed-marble-mosaic-tile-in-cool-blend,UPDATE,active,TRUE,web
modni-beckett-honed-marble-mosaic-tile-in-cool-blend,UPDATE,active,TRUE,web
modni-emery-honed-marble-mosaic-tile-in-cool-blend,UPDATE,active,TRUE,web
modni-lennox-honed-marble-mosaic-tile-in-cool-blend,UPDATE,active,TRUE,web
modni-jett-honed-marble-mosaic-tile-in-cool-blend,UPDATE,active,TRUE,web
modni-monroe-honed-marble-mosaic-tile-in-cool-blend,UPDATE,active,TRUE,web
modni-quin-honed-marble-mosaic-tile-in-cool-blend,UPDATE,active,TRUE,web
modni-zayden-honed-marble-mosaic-tile-in-cool-blend,UPDATE,active,TRUE,web
phltrvmos1308,UPDATE,active,TRUE,web
aphrodite-spain-12-x-12-mosaic-tile,UPDATE,active,TRUE,web
rojo-alicante-marble-12x12-wall-floor-tile,UPDATE,active,TRUE,web
aphrodite-rose-12-x-12-mosaic-tile,UPDATE,active,TRUE,web
herringbone-marfil-11-x-12-5-mosaic-tile,UPDATE,active,TRUE,web
mocha-noce-travertine-coping-12x12-2-tumbled,UPDATE,active,TRUE,web
walnut-travertine-coping-12x12-2-tumbled,UPDATE,active,TRUE,web
sandy-creek-limestone-coasters-4x4,UPDATE,active,TRUE,web
sicily-brown-matte-marble-coasters-4x4,UPDATE,active,TRUE,web
haisa-light-white-wood-limestone-molding-1-2-x-12-honed-pencil-liner,UPDATE,active,TRUE,web
hexagon-basalt-10-25-x-11-75-mosaic-tile,UPDATE,active,TRUE,web
blue-oak-marble-mosaic-large-chevron,UPDATE,active,TRUE,web
eclipse-crystal-ocean-12-25-x-12-25-mosaic-tile,UPDATE,active,TRUE,web
phltrvmos1312,UPDATE,active,TRUE,web
gray-basalt-wall-and-floor-tile,UPDATE,active,TRUE,web
arrow-ocean-12-x-12-75-mosaic-tile,UPDATE,active,TRUE,web
spanish-grey-marble-12x12-wall-floor-tile,UPDATE,active,TRUE,web
extra-light-travertine-24-x-24-tumbled-pavers,UPDATE,active,TRUE,web
hope-gmm091-cube-glass-and-marble-mixed-mosaic-tile,UPDATE,active,TRUE,web
manhattan-weave-black-white-dot-corner-marble-polished-accent,UPDATE,active,TRUE,web
slvtrvmos1311,UPDATE,active,TRUE,web
valtrvmos1308,UPDATE,active,TRUE,web
scbstrvcop310039,UPDATE,active,TRUE,web
scatrvmos1316,UPDATE,active,TRUE,web
scatrvmos1327,UPDATE,active,TRUE,web
belgium-blue-matte-subway-limestone-tile-3x12,UPDATE,active,TRUE,web
belgium-blue-matte-limestone-tile-12x24,UPDATE,active,TRUE,web
porto-beige-12x12-leather-tumbled-square-tile,UPDATE,active,TRUE,web
labyrinth-limestone-taupe-6x6-laser-engraved-tile,UPDATE,active,TRUE,web
leaves-limestone-taupe-6x6-laser-engraved-tile,UPDATE,active,TRUE,web
leaves-noce-travertine-6x6-laser-engraved-tile,UPDATE,active,TRUE,web
madellion-limestone-taupe-6x6-laser-engraved-tile,UPDATE,active,TRUE,web
serene-crest-limestone-taupe-6x6-laser-engraved-tile,UPDATE,active,TRUE,web
serene-crest-noce-travertine-6x6-laser-engraved-tile,UPDATE,active,TRUE,web
nocetrvtil1216,UPDATE,active,TRUE,web
ivrtrvtil1229,UPDATE,active,TRUE,web
valtrvtil1206,UPDATE,active,TRUE,web
scatrvmos1326,UPDATE,active,TRUE,web
lymra-capri-limestone-tile-12-x-24-5-8-corduroy-tile,UPDATE,active,TRUE,web
fossil-brown-limestone-limestone-tile-12-x-24-1-2-leathered,UPDATE,active,TRUE,web
extra-light-travertine-12-x-12-tumbled-pavers,UPDATE,active,TRUE,web
extra-light-travertine-12-x-12-bullnose-coping,UPDATE,active,TRUE,web
slvtrvmos1308,UPDATE,active,TRUE,web
tiramisu-travertine-12-x-12-bullnose-coping,UPDATE,active,TRUE,web
latttrvpav130159,UPDATE,active,TRUE,web
slvtrvmos1312,UPDATE,active,TRUE,web
dark-grey-hexagon-mosaic,UPDATE,active,TRUE,web
scbstrvcop310048,UPDATE,active,TRUE,web
nctrvpav130039,UPDATE,active,TRUE,web
scatrvmos1306,UPDATE,active,TRUE,web
ivrtrvpav130025,UPDATE,active,TRUE,web
lagos-blue-matte-1x6-herringbone-limestone-mosaic,UPDATE,active,TRUE,web
graphite-antiqued-2-inch-hexagon-limestone-mosaic,UPDATE,active,TRUE,web
latttrvpav130165,UPDATE,active,TRUE,web
symra-shell-beige-limestone-paver-french-pattern-1-25-tumbled,UPDATE,active,TRUE,web
scatrvtil1213,UPDATE,active,TRUE,web
phltrvmos1301,UPDATE,active,TRUE,web
scatrvmos1332,UPDATE,active,TRUE,web
scatrvmos1323,UPDATE,active,TRUE,web
scbstrvpav130032,UPDATE,active,TRUE,web
plaid-beige-limestone-6-x6-laser-engraved-tile,UPDATE,active,TRUE,web
scatrvmos1303,UPDATE,active,TRUE,web
scatrvmos1307,UPDATE,active,TRUE,web
scatrvmos1313,UPDATE,active,TRUE,web
scatrvmos1321,UPDATE,active,TRUE,web
phltrvmos1304,UPDATE,active,TRUE,web
valtrvmos1307,UPDATE,active,TRUE,web
flash-bluegranite-tile-12x12-polished,UPDATE,active,TRUE,web
golden-carioca-granite-tile-12x12-polished,UPDATE,active,TRUE,web
ivory-coast-dark-granite-tile-12-x-12-polished,UPDATE,active,TRUE,web
ivory-coast-light-granite-tile-12-x-12-polished,UPDATE,active,TRUE,web
ivory-white-granite-tile-12x12-polished,UPDATE,active,TRUE,web
jerusalem-gold-limestone-12x12-polished-tile,UPDATE,active,TRUE,web
juparana-royal-granite-tile-12-x-12-polished,UPDATE,active,TRUE,web
juparana-pink-gray-cloud-granite-tile-12-x-12-polished,UPDATE,active,TRUE,web
slvtrvmos1301,UPDATE,active,TRUE,web
ivrtrvtil1220,UPDATE,active,TRUE,web
tiramisu-travertine-12-x-12-tumbled-pavers,UPDATE,active,TRUE,web
valtrvmos1301,UPDATE,active,TRUE,web
walnut-travertine-paver-16x16-1-25-tumbled,UPDATE,active,TRUE,web
nocetrvtil1214,UPDATE,active,TRUE,web
scatrvmos1305,UPDATE,active,TRUE,web
scatrvmos1320,UPDATE,active,TRUE,web
graphite-antiqued-1x6-herrinbone-limestone-mosaic,UPDATE,active,TRUE,web
slvrtrvcop310101,UPDATE,active,TRUE,web
scatrvtil1218,UPDATE,active,TRUE,web
walnut-travertine-tile-cross-cut-18x18-1-2-unfilled-brushed-chiseled,UPDATE,active,TRUE,web
slvtrvmos1307,UPDATE,active,TRUE,web
valtrvmos1304,UPDATE,active,TRUE,web
scatrvmos1330,UPDATE,active,TRUE,web
gray-basalt-10-x10-hexagon-honed-mosaic-tile,UPDATE,active,TRUE,web
scatrvmos1319,UPDATE,active,TRUE,web
phltrvmos1302,UPDATE,active,TRUE,web
phltrvmos1303,UPDATE,active,TRUE,web
phltrvmos1309,UPDATE,active,TRUE,web
phltrvmos1310,UPDATE,active,TRUE,web
dark-grey-basalt-penny-round-mosaic-tile,UPDATE,active,TRUE,web
valtrvtil1207,UPDATE,active,TRUE,web
scatrvtil1203,UPDATE,active,TRUE,web
ivrtrvcop310072,UPDATE,active,TRUE,web
scatrvmos1310,UPDATE,active,TRUE,web
slvtrvmos1304,UPDATE,active,TRUE,web
scatrvmos1311,UPDATE,active,TRUE,web
scatrvmos1312,UPDATE,active,TRUE,web
extra-light-travertine-12-x12-tumbled-tile,UPDATE,active,TRUE,web
ivrtrvtil1231,UPDATE,active,TRUE,web
black-basalt-10-x10-hexagon-mosaic-tile,UPDATE,active,TRUE,web
valtrvmos1303,UPDATE,active,TRUE,web
valtrvmos1302,UPDATE,active,TRUE,web
valtrvmos1305,UPDATE,active,TRUE,web
valtrvmos1306,UPDATE,active,TRUE,web
valtrvmos1309,UPDATE,active,TRUE,web
golden-coast-slate-chair-rail-trim-tile,UPDATE,active,TRUE,web
rustic-amber-slate-1x2-tumbled-subway-mosaic-tile,UPDATE,active,TRUE,web
checkerboard-durango-cream-silver-tumbled-travertine-18x18-tile,UPDATE,active,TRUE,web
scatrvmos1331,UPDATE,active,TRUE,web
copper-slate-2-x2-tumbled-mosaic-wall-floor-tile,UPDATE,active,TRUE,web
tiramisu-travertine-16-x-16-chiseled-brushed-tile,UPDATE,active,TRUE,web
chakra-slate-wall-and-floor-square-mosaic-tile,UPDATE,active,TRUE,web
checkers-with-ivory-light-silver-tumbled-travertine-24x24-tile,UPDATE,active,TRUE,web
gldtrvmos1305,UPDATE,active,TRUE,web
scatrvmos1308,UPDATE,active,TRUE,web
scatrvmos1325,UPDATE,active,TRUE,web
slvtrvmos1302,UPDATE,active,TRUE,web
slvtrvmos1303,UPDATE,active,TRUE,web
slvtrvmos1305,UPDATE,active,TRUE,web
slvtrvmos1306,UPDATE,active,TRUE,web
slvtrvmos1309,UPDATE,active,TRUE,web
walnut-travertine-3-pcs-mini-pattern-mosaic-non-interlocking-3-8-tumbled,UPDATE,active,TRUE,web
walnut-travertine-opus-mini-pattern-4-pcs-mosaic-interlocking-3-8-tumbled,UPDATE,active,TRUE,web
extra-light-travertine-18-x-18-matte-filled-tile,UPDATE,active,TRUE,web
fossil-brown-limestone-limestone-tile-12-x-24-1-2-polished,UPDATE,active,TRUE,web
nocetrvmos1309,UPDATE,active,TRUE,web
lagos-blue-matte-2-inch-hexagon-limestone-mosaic,UPDATE,active,TRUE,web
checkerboard-durango-cream-noce-tumbled-travertine-18x18-tile,UPDATE,active,TRUE,web
ivrtrvmos1316,UPDATE,active,TRUE,web
walnut-travertine-tile-cross-cut-18x18-1-2-filled-polished,UPDATE,active,TRUE,web
checkerboard-durango-cream-gold-yellow-tumbled-travertine-12x12-tile,UPDATE,active,TRUE,web
checkerboard-durango-cream-scabos-tumbled-travertine-12x12-tile,UPDATE,active,TRUE,web
grey-foussana-split-face-1x1-limestone-mosaic,UPDATE,active,TRUE,web
walnut-travertine-brick-mosaic-1x2-3-8-tumbled,UPDATE,active,TRUE,web
walnut-travertine-brick-mosaic-2x4-3-8-tumbled,UPDATE,active,TRUE,web
dark-autumn-slate-1x1-square-tumbled-mosaic-tile,UPDATE,active,TRUE,web
golden-green-slate-2-x2-tumbled-mosaic-wall-floor-tile,UPDATE,active,TRUE,web
golden-green-slate-1-x1-tumbled-mosaic-wall-floor-tile,UPDATE,active,TRUE,web
escabesa-travertine-12-x-12-tumbled-pavers,UPDATE,active,TRUE,web
light-classic-travertine-12-x-12-tumbled-pavers,UPDATE,active,TRUE,web
walnut-travertine-french-pattern-premium-1-2-unfilled-brushed-chiseled,UPDATE,active,TRUE,web
walnut-travertine-roman-pattern-midi-versailles-1-2-unfilled-brushed-chiseled,UPDATE,active,TRUE,web
scatrvmos1328,UPDATE,active,TRUE,web
scatrvmos1329,UPDATE,active,TRUE,web
dark-grey-basalt-strips-mosaic-tile,UPDATE,active,TRUE,web
black-basalt-6-matte-hexagon-tile,UPDATE,active,TRUE,web
dark-grey-basalt-grid-mosaic-tile,UPDATE,active,TRUE,web
graphite-antiqued-2x2-limestone-square-mosaic,UPDATE,active,TRUE,web
checkerboard-durango-cream-noce-tumbled-travertine-12x12-tile,UPDATE,active,TRUE,web
rainbow-slate-1x1-square-tumbled-mosaic-tile,UPDATE,active,TRUE,web
scbstrvpav130044,UPDATE,active,TRUE,web
extra-light-travertine-12-x12-matte-filled-tile,UPDATE,active,TRUE,web
haisa-light-white-wood-limestone-mosaic-2-x-2-3-8-honed-hexagon-mosaic,UPDATE,active,TRUE,web
ivrtrvtil1226,UPDATE,active,TRUE,web
noce-travertine-tumbled-3-4-x1-2-mini-brick-mosaic,UPDATE,active,TRUE,web
valtrvtil1204,UPDATE,active,TRUE,web
lymra-capri-limestone-tile-18-x-18-1-2-honed-tile,UPDATE,active,TRUE,web
scbstrvcop310025,UPDATE,active,TRUE,web
checkerboard-durango-cream-silver-tumbled-travertine-12x12-tile,UPDATE,active,TRUE,web
checkerboard-durango-cream-noce-filled-honed-travertine-18x18-tile,UPDATE,active,TRUE,web
checkers-with-ivory-light-gold-yellow-tumbled-travertine-18x18-tile,UPDATE,active,TRUE,web
checkers-with-ivory-light-noce-filled-polished-travertine-18x18-tile,UPDATE,active,TRUE,web
checkers-with-ivory-light-scabos-tumbled-travertine-18x18-tile,UPDATE,active,TRUE,web
checkers-with-ivory-light-silver-tumbled-travertine-18x18-tile,UPDATE,active,TRUE,web
oyster-travertine-mosaic-2-x-2-3-8-filled-honed-hexagon-mosaic,UPDATE,active,TRUE,web
extra-light-travertine-6-x-6-tumbled-tile,UPDATE,active,TRUE,web
valtrvtil1203,UPDATE,active,TRUE,web
ivrtrvwp230017,UPDATE,active,TRUE,web
ivrtrvpav130040,UPDATE,active,TRUE,web
ivory-rustic-travertine-12-x-12-tumbled-pavers,UPDATE,active,TRUE,web
slvrtrvcop300088,UPDATE,active,TRUE,web
scatrvtil1208,UPDATE,active,TRUE,web
slvtrvtil1204,UPDATE,active,TRUE,web
latttrvpav130158,UPDATE,active,TRUE,web
walnut-travertine-paver-12x12-1-25-tumbled,UPDATE,active,TRUE,web
valtrvtil1202,UPDATE,active,TRUE,web
graphite-antiqued-12x24-limestone-tile,UPDATE,active,TRUE,web
scbstrvpav130068,UPDATE,active,TRUE,web
colorado-travertine-12-x-12-tumbled-pavers,UPDATE,active,TRUE,web
scbstrvtrvcop310046,UPDATE,active,TRUE,web
slvrtrvpav130061,UPDATE,active,TRUE,web
nctrvpav130028,UPDATE,active,TRUE,web
walnut-travertine-coping-6x12-2-tumbled,UPDATE,active,TRUE,web
slvrtrvpav130067,UPDATE,active,TRUE,web
latttrvpav130164,UPDATE,active,TRUE,web
latttrvpav130162,UPDATE,active,TRUE,web
absolute-black-granite-wall-floor-tile,UPDATE,active,TRUE,web
chakra-slate-pencil-liner-trim-tile,UPDATE,active,TRUE,web
golden-coast-slate-pencil-liner-trim-tile,UPDATE,active,TRUE,web
american-chestnut-travertine-12-x-12-tumbled-pavers,UPDATE,active,TRUE,web
scbstrvpav130013,UPDATE,active,TRUE,web
nctrvpav130056,UPDATE,active,TRUE,web
ivrtrvpav130166,UPDATE,active,TRUE,web
walnut-travertine-coping-12x12-1-25-tumbled,UPDATE,active,TRUE,web
golden-coast-slate-versailles-wall-and-floor-tile,UPDATE,active,TRUE,web
rustic-amber-slate-versailles-wall-and-floor-tile,UPDATE,active,TRUE,web
nctrvpav130081,UPDATE,active,TRUE,web
golden-coast-slate-mosaic-wall-and-floor-tile,UPDATE,active,TRUE,web
nctrvcop310024,UPDATE,active,TRUE,web
ivrtrvcop310051,UPDATE,active,TRUE,web
rustic-amber-slate-mosaic-wall-and-floor-tile,UPDATE,active,TRUE,web
slvrtrvwp230023,UPDATE,active,TRUE,web
rainbow-slate-wall-and-floor-tile,UPDATE,active,TRUE,web
rustic-amber-slate-wall-and-floor-tile,UPDATE,active,TRUE,web
chakra-slate-tile,UPDATE,active,TRUE,web
golden-coast,UPDATE,active,TRUE,web
amazon-multicolor-slate-wall-and-floor-tile,UPDATE,active,TRUE,web
amazon-black-slate-wall-and-floor-tile-1,UPDATE,active,TRUE,web
